字詞名,unicode,部首字,部首外筆畫數,總筆畫數
𠀕,20015,二 ,3,5
𠁥,20065,丨 ,4,5
𠅘,20158,亠 ,8,10
𠅢,20162,卜 ,9,11
𠌸,20338,人 ,11,13
𠑹,20479,儿 ,4,6
𠜶,20736,刀 ,8,10
𡎖,21396,土 ,9,12
𡙇,21647,大 ,10,13
𡚁,21681,大 ,11,14
𡦗,21997,子 ,12,15
𡦘,21998,子 ,12,15
𢙈,22648,心 ,6,10
𢠳,22833,心 ,11,14
𣑱,23471,木 ,6,10
𣘨,23628,木 ,11,15
𣙷,23677,木 ,11,15
𣝓,23753,木 ,14,18
𤈦,24226,火 ,7,11
𤙡,24661,牛 ,7,11
𦊀,26280,网 ,3,7
𦍑,26351,羊 ,3,9
𦤶,26936,至 ,4,10
𦥑,26951,臼 ,0,7
𧑗,27457,虫 ,12,18
𧒂,27482,虫 ,12,18
𨂂,28082,足 ,8,15
𨉣,28263,身 ,9,16
𨔰,28530,辵 ,9,13
𨝣,28763,邑 ,11,14
𨝸,28778,邑 ,12,15
𩔗,29517,頁 ,9,18
㐭,0342D,亠 ,6,8
㑪,0346A,人 ,8,10
㑳,03473,人 ,10,12
㑿,0347F,人 ,11,13
㒋,0348B,人 ,12,14
㒓,03493,人 ,13,15
㒳,034B3,入 ,5,7
㓕,034D5,冫 ,10,12
㓦,034E6,刀 ,6,8
㔩,03529,勹 ,10,12
㔻,0353B,十 ,4,6
㕁,03541,卩 ,6,8
㕑,03551,厂 ,12,14
㕔,03554,厂 ,22,24
㕘,03558,厶 ,9,11
㕙,03559,厶 ,13,15
㕜,0355C,又 ,4,6
㕥,03565,口 ,2,5
㕷,03577,口 ,5,8
㖡,035A1,口 ,8,11
㖪,035AA,口 ,8,11
㘔,03614,口 ,17,20
㘯,0362F,土 ,4,7
㘺,0363A,土 ,6,9
㚩,036A9,女 ,3,6
㚷,036B7,女 ,5,8
㛂,036C2,女 ,6,9
㛮,036EE,女 ,9,12
㛰,036F0,女 ,9,12
㜑,03711,女 ,10,13
㜵,03735,女 ,16,19
㝎,0374E,宀 ,3,6
㝛,0375B,宀 ,8,11
㝡,03761,宀 ,8,11
㝱,03771,宀 ,18,21
㞞,0379E,尸 ,11,14
㟏,037CF,山 ,7,10
㟭,037ED,山 ,9,12
㠀,03800,山 ,11,14
㠯,0382F,己 ,2,5
㡓,03853,巾 ,9,12
㣔,038D4,彳 ,2,5
㥄,03944,心 ,8,11
㥏,0394F,心 ,8,11
㥦,03966,心 ,9,13
㥵,03975,心 ,10,13
㦔,03994,心 ,12,16
㧖,039D6,手 ,5,8
㨈,03A08,手 ,8,11
㨗,03A17,手 ,9,12
㩀,03A40,手 ,11,14
㩐,03A50,手 ,12,15
㩗,03A57,手 ,13,16
㩳,03A73,手 ,18,21
㪟,03A9F,攴 ,9,13
㫃,03AC3,方 ,2,6
㫄,03AC4,方 ,4,8
㫖,03AD6,日 ,3,7
㬅,03B05,曰 ,9,13
㬊,03B0A,日 ,9,13
㭘,03B58,木 ,6,10
㮄,03B84,木 ,8,12
㯭,03BED,木 ,13,17
㯶,03BF6,木 ,13,17
㯽,03BFD,木 ,14,18
㰖,03C16,木 ,16,20
㱃,03C43,欠 ,11,15
㱕,03C55,止 ,8,12
㱪,03C6A,歹 ,9,13
㲪,03CAA,毛 ,12,16
㲯,03CAF,毛 ,14,18
㲲,03CB2,毛 ,22,26
㳂,03CC2,水 ,4,7
㳄,03CC4,水 ,4,7
㳅,03CC5,水 ,4,7
㳒,03CD2,水 ,5,8
㳺,03CFA,水 ,8,11
㳽,03CFD,水 ,8,11
㳿,03CFF,水 ,8,11
㴑,03D11,水 ,9,12
㵝,03D5D,水 ,13,16
㵞,03D5E,水 ,13,16
㶁,03D81,水 ,15,18
㶟,03D9F,水 ,21,24
㷍,03DCD,火 ,8,12
㸌,03E0C,火 ,16,20
㸔,03E14,目 ,5,10
㸙,03E19,父 ,8,12
㸰,03E30,牛 ,5,9
㹜,03E5C,犬 ,4,8
㹠,03E60,犬 ,4,7
㻗,03ED7,玉 ,8,13
㻫,03EEB,玉 ,11,15
㽣,03F63,田 ,8,13
㾐,03F90,疒 ,6,11
㿜,03FDC,疒 ,23,28
䀇,04007,皿 ,11,16
䀠,04020,目 ,5,10
䀢,04022,目 ,5,10
䃉,040C9,石 ,9,14
䃘,040D8,石 ,11,16
䄏,0410F,示 ,8,13
䆿,041BF,穴 ,14,19
䈰,04230,竹 ,10,16
䈾,0423E,竹 ,11,17
䉶,04276,竹 ,18,24
䋁,042C1,糸 ,4,10
䋄,042C4,糸 ,4,10
䋲,042F2,糸 ,8,14
䍡,04361,网 ,11,15
䍦,04366,网 ,19,24
䍪,0436A,羊 ,5,11
䏿,043FF,肉 ,8,12
䐶,04436,肉 ,12,16
䑓,04453,至 ,7,13
䑙,04459,舌 ,4,10
䑹,04479,舟 ,9,15
䒷,044B7,艸 ,6,10
䓁,044C1,艸 ,6,10
䔥,04525,艸 ,11,15
䔰,04530,艸 ,12,16
䖍,0458D,虍 ,4,10
䖏,0458F,虍 ,5,11
䖳,045B3,虫 ,6,12
䖵,045B5,虫 ,6,12
䖸,045B8,虫 ,7,13
䗊,045CA,虫 ,8,14
䗶,045F6,虫 ,13,19
䘏,0460F,血 ,3,9
䘑,04611,血 ,5,11
䘒,04612,血 ,7,13
䘚,0461A,衣 ,2,8
䘮,0462E,人 ,8,10
䘿,0463F,衣 ,8,14
䙷,04677,見 ,3,10
䛊,046CA,言 ,5,12
䛐,046D0,言 ,5,12
䛟,046DF,言 ,7,14
䝟,0475F,豸 ,9,16
䝨,04768,貝 ,4,11
䝲,04772,貝 ,6,13
䞓,04793,赤 ,7,14
䟆,047C6,走 ,11,18
䟫,047EB,足 ,5,12
䠊,0480A,足 ,8,15
䠞,0481E,足 ,11,18
䠥,04825,足 ,11,18
䠷,04837,身 ,6,13
䡖,04856,車 ,6,13
䤈,04908,酉 ,9,16
䥈,04948,金 ,11,19
䥫,0496B,金 ,14,22
䦧,049A7,門 ,8,16
䨦,04A26,雨 ,10,18
䨲,04A32,雨 ,14,22
䩦,04A66,革 ,7,16
䪢,04AA2,韭 ,11,20
䫄,04AC4,頁 ,7,16
䫏,04ACF,頁 ,8,17
䬠,04B20,雨 ,9,17
䬡,04B21,飛 ,8,17
䬪,04B2A,食 ,4,12
䬳,04B33,食 ,5,13
䭫,04B6B,首 ,6,15
䰀,04C00,髟 ,8,18
䰐,04C10,髟 ,14,24
䰖,04C16,髟 ,19,29
䰟,04C1F,鬼 ,4,14
䰰,04C30,鬼 ,14,24
䳘,04CD8,鳥 ,7,18
䴸,04D38,麥 ,7,18
䶊,04D8A,鼻 ,4,18
䶌,04D8C,鼻 ,5,19
一,04E00,一 ,0,1
丁,04E01,一 ,1,2
丂,04E02,一 ,1,2
七,04E03,一 ,1,2
万,04E07,一 ,2,3
万,04E07,一 ,2,3
丈,04E08,一 ,2,3
三,04E09,一 ,2,3
上,04E0A,一 ,2,3
下,04E0B,一 ,2,3
丌,04E0C,一 ,2,3
不,04E0D,一 ,3,4
丏,04E0F,一 ,3,4
丐,04E10,一 ,3,4
丑,04E11,一 ,3,4
且,04E14,一 ,4,5
丕,04E15,一 ,4,5
世,04E16,一 ,4,5
丘,04E18,一 ,4,5
丙,04E19,一 ,4,5
丞,04E1E,一 ,5,6
丟,04E1F,一 ,5,6
両,04E21,一 ,5,6
丢,04E22,丿 ,5,6
丣,04E23,一 ,6,7
两,04E24,一 ,6,7
並,04E26,一 ,7,8
丨,04E28,丨 ,0,1
丩,04E29,丨 ,1,2
个,04E2A,丨 ,2,3
丫,04E2B,丨 ,2,3
中,04E2D,丨 ,3,4
丮,04E2E,丨 ,3,4
丰,04E30,丨 ,3,4
丰,04E30,丨 ,3,4
丱,04E31,丨 ,4,5
串,04E32,丨 ,6,7
丳,04E33,丨 ,7,8
丶,04E36,丶 ,0,1
丸,04E38,丶 ,2,3
丹,04E39,丶 ,3,4
主,04E3B,丶 ,4,5
丿,04E3F,丿 ,0,1
乂,04E42,丿 ,1,2
乃,04E43,丿 ,1,2
久,04E45,丿 ,2,3
么,04E48,丿 ,2,3
义,04E49,丿 ,2,3
之,04E4B,丿 ,3,4
乍,04E4D,丿 ,4,5
乎,04E4E,丿 ,4,5
乏,04E4F,丿 ,4,5
乐,04E50,木 ,1,5
乒,04E52,丿 ,5,6
乓,04E53,丿 ,5,6
乔,04E54,大 ,3,6
乖,04E56,丿 ,7,8
乘,04E58,丿 ,9,10
乙,04E59,乙 ,0,1
乜,04E5C,乙 ,1,2
九,04E5D,乙 ,1,2
乞,04E5E,乙 ,2,3
也,04E5F,乙 ,2,3
乣,04E63,乙 ,3,4
乩,04E69,乙 ,5,6
乱,04E71,乙 ,6,7
乳,04E73,乙 ,7,8
乾,04E7E,乙 ,10,11
亂,04E82,乙 ,12,13
亅,04E85,亅 ,0,1
了,04E86,亅 ,1,2
予,04E88,亅 ,3,4
争,04E89,亅 ,5,6
事,04E8B,亅 ,7,8
二,04E8C,二 ,0,2
亍,04E8D,二 ,1,3
于,04E8E,二 ,1,3
亏,04E8F,二 ,1,3
云,04E91,二 ,2,4
互,04E92,二 ,2,4
亓,04E93,二 ,2,4
五,04E94,二 ,2,4
井,04E95,二 ,2,4
亘,04E98,二 ,4,6
亙,04E99,二 ,4,6
些,04E9B,二 ,6,8
亜,04E9C,二 ,5,7
亝,04E9D,二 ,6,8
亞,04E9E,二 ,6,8
亟,04E9F,二 ,7,9
亠,04EA0,亠 ,0,2
亡,04EA1,亠 ,1,3
亢,04EA2,亠 ,2,4
交,04EA4,亠 ,4,6
亥,04EA5,亠 ,4,6
亦,04EA6,亠 ,4,6
亨,04EA8,亠 ,5,7
享,04EAB,亠 ,6,8
京,04EAC,亠 ,6,8
亭,04EAD,亠 ,7,9
亮,04EAE,亠 ,7,9
亯,04EAF,卜 ,7,9
亱,04EB1,亠 ,7,9
亳,04EB3,亠 ,8,10
亶,04EB6,亠 ,11,13
亷,04EB7,亠 ,11,13
亹,04EB9,亠 ,19,21
人,04EBA,人 ,0,2
什,04EC0,人 ,2,4
仁,04EC1,人 ,2,4
仂,04EC2,人 ,2,4
仃,04EC3,人 ,2,4
仄,04EC4,人 ,2,4
仅,04EC5,人 ,2,4
仆,04EC6,人 ,2,4
仇,04EC7,人 ,2,4
仉,04EC9,人 ,2,4
今,04ECA,人 ,2,4
介,04ECB,人 ,2,4
仍,04ECD,人 ,2,4
从,04ECE,人 ,2,4
仏,04ECF,人 ,2,4
仔,04ED4,人 ,3,5
仕,04ED5,人 ,3,5
他,04ED6,人 ,3,5
仗,04ED7,人 ,3,5
付,04ED8,人 ,3,5
仙,04ED9,人 ,3,5
仚,04EDA,人 ,3,5
仝,04EDD,人 ,3,5
仞,04EDE,人 ,3,5
仟,04EDF,人 ,3,5
仡,04EE1,人 ,3,5
代,04EE3,人 ,3,5
令,04EE4,人 ,3,5
以,04EE5,人 ,3,5
仨,04EE8,人 ,3,5
仪,04EEA,人 ,3,5
仰,04EF0,人 ,4,6
仲,04EF2,人 ,4,6
仳,04EF3,人 ,4,6
仵,04EF5,人 ,4,6
件,04EF6,人 ,4,6
价,04EF7,人 ,4,6
价,04EF7,人 ,4,6
任,04EFB,人 ,4,6
份,04EFD,人 ,4,6
仿,04EFF,人 ,4,6
伀,04F00,人 ,4,6
企,04F01,人 ,4,6
伃,04F03,人 ,4,6
伈,04F08,人 ,4,6
伉,04F09,人 ,4,6
伊,04F0A,人 ,4,6
伋,04F0B,人 ,4,6
伍,04F0D,人 ,4,6
伎,04F0E,人 ,4,6
伏,04F0F,人 ,4,6
伐,04F10,人 ,4,6
休,04F11,人 ,4,6
伕,04F15,人 ,4,6
众,04F17,人 ,4,6
优,04F18,人 ,4,6
优,04F18,人 ,4,6
伙,04F19,人 ,4,6
会,04F1A,人 ,4,6
伤,04F24,人 ,4,6
伯,04F2F,人 ,5,7
估,04F30,人 ,5,7
伱,04F31,人 ,5,7
伴,04F34,人 ,5,7
伶,04F36,人 ,5,7
伸,04F38,人 ,5,7
伺,04F3A,人 ,5,7
似,04F3C,人 ,5,7
伽,04F3D,人 ,5,7
伾,04F3E,人 ,5,7
佀,04F40,人 ,5,7
佁,04F41,人 ,5,7
佃,04F43,人 ,5,7
但,04F46,人 ,5,7
佇,04F47,人 ,5,7
佈,04F48,人 ,5,7
佉,04F49,人 ,5,7
佊,04F4A,人 ,5,7
佌,04F4C,人 ,6,8
位,04F4D,人 ,5,7
低,04F4E,人 ,5,7
住,04F4F,人 ,5,7
佐,04F50,人 ,5,7
佑,04F51,人 ,5,7
佒,04F52,人 ,5,7
体,04F53,人 ,5,7
佔,04F54,人 ,5,7
何,04F55,人 ,5,7
佗,04F57,人 ,5,7
佘,04F58,人 ,5,7
余,04F59,人 ,5,7
佚,04F5A,人 ,5,7
佛,04F5B,人 ,5,7
作,04F5C,人 ,5,7
佝,04F5D,人 ,5,7
佞,04F5E,人 ,5,7
佟,04F5F,人 ,5,7
你,04F60,人 ,5,7
佣,04F63,人 ,5,7
佤,04F64,人 ,5,7
佧,04F67,人 ,5,7
佩,04F69,人 ,6,8
佪,04F6A,人 ,6,8
佬,04F6C,人 ,6,8
佯,04F6F,人 ,6,8
佰,04F70,人 ,6,8
佳,04F73,人 ,6,8
佴,04F74,人 ,6,8
併,04F75,人 ,6,8
佶,04F76,人 ,6,8
佷,04F77,人 ,6,8
佸,04F78,人 ,6,8
佹,04F79,人 ,6,8
佺,04F7A,人 ,6,8
佻,04F7B,人 ,6,8
佼,04F7C,人 ,6,8
佽,04F7D,人 ,6,8
佾,04F7E,人 ,6,8
使,04F7F,人 ,6,8
侁,04F81,人 ,6,8
侂,04F82,人 ,6,8
侃,04F83,人 ,6,8
侄,04F84,人 ,6,8
來,04F86,人 ,6,8
侇,04F87,人 ,6,8
侈,04F88,人 ,6,8
侉,04F89,人 ,6,8
侊,04F8A,人 ,6,8
例,04F8B,人 ,6,8
侍,04F8D,人 ,6,8
侏,04F8F,人 ,6,8
侐,04F90,人 ,6,8
侑,04F91,人 ,6,8
侔,04F94,人 ,6,8
侖,04F96,人 ,6,8
侗,04F97,人 ,6,8
侘,04F98,人 ,6,8
侚,04F9A,人 ,6,8
供,04F9B,人 ,6,8
侜,04F9C,人 ,6,8
依,04F9D,人 ,6,8
侞,04F9E,人 ,6,8
侠,04FA0,人 ,6,8
侩,04FA9,人 ,6,8
侭,04FAD,人 ,6,8
侮,04FAE,人 ,7,9
侯,04FAF,人 ,7,9
侲,04FB2,人 ,7,9
侵,04FB5,人 ,7,9
侶,04FB6,人 ,7,9
侷,04FB7,人 ,7,9
侹,04FB9,人 ,7,9
侻,04FBB,人 ,7,9
便,04FBF,人 ,7,9
俁,04FC1,人 ,7,9
係,04FC2,人 ,7,9
促,04FC3,人 ,7,9
俄,04FC4,人 ,7,9
俅,04FC5,人 ,7,9
俇,04FC7,人 ,7,9
俊,04FCA,人 ,7,9
俍,04FCD,人 ,7,9
俎,04FCE,人 ,7,9
俏,04FCF,人 ,7,9
俐,04FD0,人 ,7,9
俑,04FD1,人 ,7,9
俔,04FD4,人 ,7,9
俗,04FD7,人 ,7,9
俘,04FD8,人 ,7,9
俚,04FDA,人 ,7,9
俛,04FDB,人 ,7,9
俜,04FDC,人 ,7,9
保,04FDD,人 ,7,9
俞,04FDE,人 ,7,9
俟,04FDF,人 ,7,9
俠,04FE0,人 ,7,9
信,04FE1,人 ,7,9
俤,04FE4,人,7,9
俦,04FE6,人 ,7,9
修,04FEE,人 ,8,10
俯,04FEF,人 ,8,10
俱,04FF1,人 ,8,10
俲,04FF2,人 ,8,10
俳,04FF3,人 ,8,10
俴,04FF4,人 ,8,10
俵,04FF5,人 ,8,10
俶,04FF6,人 ,8,10
俶,04FF6,人 ,8,10
俸,04FF8,人 ,8,10
俺,04FFA,人 ,8,10
俻,04FFB,人 ,8,10
俾,04FFE,人 ,8,10
倀,05000,人 ,8,10
倂,05002,人 ,8,10
倅,05005,人 ,8,10
倆,05006,人 ,8,10
倈,05008,人 ,8,10
倉,05009,人 ,8,10
個,0500B,人 ,8,10
倌,0500C,人 ,8,10
倍,0500D,人 ,8,10
倏,0500F,人 ,9,11
倐,05010,人 ,9,11
們,05011,人 ,8,10
倒,05012,人 ,8,10
倓,05013,人 ,8,10
倔,05014,人 ,8,10
倕,05015,人 ,9,11
倖,05016,人 ,8,10
倗,05017,人 ,8,10
倘,05018,人 ,8,10
候,05019,人 ,8,10
倚,0501A,人 ,8,10
倛,0501B,人 ,8,10
倜,0501C,人 ,8,10
倝,0501D,人 ,8,10
倞,0501E,人 ,8,10
借,0501F,人 ,8,10
倡,05021,人 ,8,10
倢,05022,人 ,8,10
倣,05023,人 ,8,10
値,05024,人 ,8,10
倥,05025,人 ,8,10
倦,05026,人 ,8,10
倧,05027,人 ,8,10
倨,05028,人 ,8,10
倩,05029,人 ,8,10
倪,0502A,人 ,8,10
倫,0502B,人 ,8,10
倬,0502C,人 ,8,10
倭,0502D,人 ,8,10
倮,0502E,人 ,8,10
倳,05033,人 ,8,10
值,0503C,人 ,8,10
偁,05041,人 ,9,11
偃,05043,人 ,9,11
假,05047,人 ,9,11
偈,05048,人 ,9,11
偉,05049,人 ,9,11
偊,0504A,人 ,9,11
偋,0504B,人 ,9,11
偌,0504C,人 ,9,11
偍,0504D,人 ,9,11
偎,0504E,人 ,9,11
偏,0504F,人 ,9,11
偓,05053,人 ,9,11
偕,05055,人 ,9,11
偘,05058,人 ,9,11
做,0505A,人 ,9,11
停,0505C,人 ,9,11
偝,0505D,人 ,9,11
偟,0505F,人 ,9,11
偠,05060,人 ,9,11
偢,05062,人 ,9,11
健,05065,人 ,9,11
偩,05069,人 ,9,11
偪,0506A,人 ,9,11
偬,0506C,人 ,9,11
偭,0506D,人 ,9,11
偯,0506F,人 ,9,11
偰,05070,人 ,9,11
偲,05072,人 ,9,11
側,05074,人 ,9,11
偵,05075,人 ,9,11
偶,05076,人 ,9,11
偷,05077,人 ,9,11
偸,05078,人 ,9,11
偺,0507A,人 ,9,11
偻,0507B,人 ,9,11
偽,0507D,人 ,9,11
傀,05080,人 ,10,12
傃,05083,人 ,10,12
傅,05085,人 ,10,12
傈,05088,人 ,10,12
傉,05089,人 ,10,12
傌,0508C,人 ,10,12
傍,0508D,人 ,10,12
傎,0508E,人 ,10,12
傑,05091,人 ,10,12
傒,05092,人 ,10,12
傔,05094,人 ,10,12
傕,05095,人 ,10,12
傖,05096,人 ,10,12
傘,05098,人 ,10,12
備,05099,人 ,10,12
傚,0509A,人 ,10,12
傜,0509C,人 ,10,12
傞,0509E,人 ,10,12
傢,050A2,人 ,10,12
傣,050A3,人 ,10,12
催,050AC,人 ,11,13
傭,050AD,人 ,11,13
傯,050AF,人 ,11,13
傱,050B1,人 ,11,13
傲,050B2,人 ,11,13
傳,050B3,人 ,11,13
傴,050B4,人 ,11,13
債,050B5,人 ,11,13
傷,050B7,人 ,11,13
傺,050BA,人 ,11,13
傻,050BB,人 ,11,13
傾,050BE,人 ,11,13
僂,050C2,人 ,11,13
僃,050C3,人 ,11,13
僄,050C4,人 ,11,13
僅,050C5,人 ,11,13
僆,050C6,人 ,11,13
僇,050C7,人 ,11,13
僈,050C8,人 ,11,13
僉,050C9,人 ,11,13
僊,050CA,人 ,11,13
僎,050CE,人 ,12,14
像,050CF,人 ,12,14
僑,050D1,人 ,12,14
僓,050D3,人 ,12,14
僔,050D4,人 ,12,14
僕,050D5,人 ,12,14
僖,050D6,人 ,12,14
僗,050D7,人 ,12,14
僚,050DA,人 ,12,14
僛,050DB,人 ,12,14
僝,050DD,人 ,12,14
僞,050DE,人 ,12,14
僣,050E3,人 ,12,14
僤,050E4,人 ,12,14
僥,050E5,人 ,12,14
僦,050E6,人 ,12,14
僧,050E7,人 ,12,14
僨,050E8,人 ,12,14
僩,050E9,人 ,12,14
僬,050EC,人 ,12,14
僭,050ED,人 ,12,14
僮,050EE,人 ,12,14
僰,050F0,人 ,12,14
僱,050F1,人 ,12,14
僵,050F5,人 ,13,15
僶,050F6,人 ,13,15
價,050F9,人 ,13,15
僻,050FB,人 ,13,15
僽,050FD,人 ,13,15
僾,050FE,人 ,13,15
僿,050FF,人 ,13,15
儀,05100,人 ,13,15
儁,05101,人 ,12,14
儂,05102,人 ,13,15
儃,05103,人 ,13,15
億,05104,人 ,13,15
儆,05106,人 ,13,15
儇,05107,人 ,13,15
儈,05108,人 ,13,15
儉,05109,人 ,13,15
儋,0510B,人 ,13,15
儌,0510C,人 ,13,15
儍,0510D,人 ,13,15
儐,05110,人 ,14,16
儒,05112,人 ,14,16
儓,05113,人 ,14,16
儔,05114,人 ,14,16
儕,05115,人 ,14,16
儗,05117,人 ,14,16
儘,05118,人 ,14,16
儚,0511A,人 ,14,16
儜,0511C,人 ,14,16
儞,0511E,人 ,14,16
償,0511F,人 ,15,17
儡,05121,人 ,15,17
儤,05124,人 ,15,17
儥,05125,人 ,15,17
儦,05126,人 ,15,17
儧,05127,人 ,15,17
儩,05129,人 ,15,17
優,0512A,人 ,15,17
儭,0512D,人 ,16,18
儱,05131,人 ,16,18
儲,05132,人 ,15,17
儳,05133,人 ,17,19
儴,05134,人 ,17,19
儵,05135,人 ,17,19
儷,05137,人 ,19,21
儸,05138,人 ,19,21
儹,05139,人 ,19,21
儺,0513A,人 ,19,21
儻,0513B,人 ,20,22
儼,0513C,人 ,20,22
儿,0513F,儿 ,0,2
兀,05140,儿 ,1,3
允,05141,儿 ,2,4
元,05143,儿 ,2,4
兄,05144,儿 ,3,5
充,05145,儿 ,3,5
兆,05146,儿 ,4,6
兇,05147,儿 ,4,6
先,05148,儿 ,4,6
光,05149,儿 ,4,6
克,0514B,儿 ,5,7
兌,0514C,儿 ,5,7
免,0514D,儿 ,5,7
兎,0514E,儿 ,5,7
兑,05151,儿 ,5,7
兒,05152,儿 ,6,8
兔,05154,儿 ,6,8
兕,05155,儿 ,5,7
兗,05157,儿 ,7,9
党,0515A,儿 ,8,10
党,0515A,儿 ,8,10
兜,0515C,儿 ,9,11
兢,05162,儿 ,12,14
入,05165,入 ,0,2
兦,05166,入 ,1,3
內,05167,入 ,2,4
全,05168,入 ,4,6
兩,05169,入 ,6,8
八,0516B,八 ,0,2
公,0516C,八 ,2,4
六,0516D,八 ,2,4
兮,0516E,八 ,2,4
共,05171,八 ,4,6
兵,05175,八 ,5,7
其,05176,八 ,6,8
具,05177,八 ,6,8
典,05178,八 ,6,8
兼,0517C,八 ,8,10
兾,0517E,八 ,11,13
冀,05180,八 ,14,16
冂,05182,冂 ,0,2
冄,05184,冂 ,2,4
内,05185,人 ,2,4
冉,05189,冂 ,3,5
冊,0518A,冂 ,3,5
册,0518C,冂 ,3,5
再,0518D,冂 ,4,6
冏,0518F,冂 ,5,7
冐,05190,冂 ,6,8
冑,05191,冂 ,7,9
冒,05192,冂 ,7,9
冓,05193,冂 ,8,10
冔,05194,冂 ,8,10
冕,05195,冂 ,9,11
冖,05196,冖 ,0,2
冗,05197,冖 ,2,4
冘,05198,冖 ,2,4
冞,0519E,冖 ,6,8
冠,051A0,冖 ,7,9
冢,051A2,冖 ,8,10
冣,051A3,冖 ,8,10
冤,051A4,冖 ,8,10
冥,051A5,冖 ,8,10
冪,051AA,冖 ,14,16
冫,051AB,冫 ,0,2
冬,051AC,冫 ,3,5
冰,051B0,冫 ,4,6
冱,051B1,冫 ,4,6
冲,051B2,冫 ,4,6
况,051B5,冫 ,5,7
冶,051B6,冫 ,5,7
冷,051B7,冫 ,5,7
冼,051BC,冫 ,6,8
冼,051BC,冫 ,6,8
冽,051BD,冫 ,6,8
凂,051C2,冫 ,7,9
准,051C6,冫 ,8,10
凇,051C7,冫 ,8,10
凉,051C9,冫 ,8,10
凊,051CA,冫 ,8,10
凋,051CB,冫 ,8,10
凌,051CC,冫 ,8,10
凍,051CD,冫 ,8,10
减,051CF,冫 ,9,11
凑,051D1,冫 ,9,11
凔,051D4,冫 ,10,12
凘,051D8,冫 ,12,14
凜,051DC,冫 ,13,15
凝,051DD,冫 ,14,16
凟,051DF,冫 ,15,17
几,051E0,几 ,0,2
几,051E0,几 ,0,2
凡,051E1,丶 ,2,3
凢,051E2,丶 ,2,3
凤,051E4,几 ,2,4
凥,051E5,尸 ,2,5
処,051E6,几 ,3,5
凧,051E7,几,2,5
凩,051E9,几,4,6
凪,051EA,几,4,6
凭,051ED,几 ,6,8
凰,051F0,几 ,9,11
凱,051F1,几 ,10,12
凳,051F3,几 ,12,14
凴,051F4,几 ,12,14
凵,051F5,凵 ,0,2
凶,051F6,凵 ,2,4
凷,051F7,凵 ,3,5
凸,051F8,凵 ,3,5
凹,051F9,凵 ,3,5
出,051FA,凵 ,3,5
函,051FD,凵 ,6,8
刀,05200,刀 ,0,2
刁,05201,刀 ,0,2
刃,05203,刀 ,1,3
刄,05204,刀 ,1,3
分,05206,刀 ,2,4
切,05207,刀 ,2,4
刈,05208,刀 ,2,4
刉,05209,刀 ,3,5
刊,0520A,刀 ,3,5
刌,0520C,刀 ,3,5
刎,0520E,刀 ,4,6
刑,05211,刀 ,4,6
划,05212,刀 ,4,6
刓,05213,刀 ,4,6
刖,05216,刀 ,4,6
列,05217,刀 ,4,6
刘,05218,刀 ,4,6
刜,0521C,刀 ,5,7
初,0521D,衣 ,2,8
删,05220,刀 ,5,7
判,05224,刀 ,5,7
別,05225,刀 ,5,7
刦,05226,刀 ,5,7
刧,05227,刀 ,5,7
刨,05228,刀 ,5,7
利,05229,刀 ,5,7
刪,0522A,刀 ,5,7
别,0522B,刀 ,5,7
刮,0522E,刀 ,6,8
到,05230,刀 ,6,8
刱,05231,刀 ,6,8
刲,05232,刀 ,6,8
刳,05233,刀 ,6,8
刵,05235,刀 ,6,8
制,05236,刀 ,6,8
刷,05237,刀 ,6,8
券,05238,刀 ,6,8
刹,05239,刀 ,6,8
刺,0523A,刀 ,6,8
刻,0523B,刀 ,6,8
刼,0523C,刀 ,6,8
刾,0523E,刀 ,6,8
剁,05241,刀 ,6,8
剃,05243,刀 ,7,9
剄,05244,刀 ,7,9
則,05247,刀 ,7,9
剉,05249,刀 ,7,9
削,0524A,刀 ,7,9
剋,0524B,刀 ,7,9
剌,0524C,刀 ,7,9
前,0524D,刀 ,7,9
剎,0524E,刀 ,7,9
剏,0524F,刀 ,7,9
剒,05252,刀 ,8,10
剔,05254,刀 ,8,10
剕,05255,刀 ,8,10
剖,05256,刀 ,8,10
剗,05257,刀 ,8,10
剙,05259,刀 ,8,10
剚,0525A,刀 ,8,10
剛,0525B,刀 ,8,10
剜,0525C,刀 ,8,10
剝,0525D,刀 ,8,10
剞,0525E,刀 ,8,10
剟,0525F,刀 ,8,10
剠,05260,刀 ,8,10
剡,05261,刀 ,8,10
剤,05264,刀 ,8,10
剧,05267,刀 ,8,10
剨,05268,刀 ,9,11
剩,05269,刀 ,10,12
剪,0526A,刀 ,9,11
剫,0526B,刀 ,9,11
剭,0526D,刀 ,9,11
剮,0526E,刀 ,9,11
副,0526F,刀 ,9,11
割,05272,刀 ,10,12
剳,05273,刀 ,10,12
剴,05274,刀 ,10,12
創,05275,刀 ,10,12
剷,05277,刀 ,11,13
剸,05278,刀 ,11,13
剺,0527A,刀 ,11,13
剽,0527D,刀 ,11,13
剿,0527F,刀 ,11,13
劀,05280,刀 ,12,14
劁,05281,刀 ,12,14
劂,05282,刀 ,12,14
劃,05283,刀 ,12,14
劄,05284,竹 ,8,14
劇,05287,刀 ,13,15
劈,05288,刀 ,13,15
劉,05289,刀 ,13,15
劊,0528A,刀 ,13,15
劌,0528C,刀 ,13,15
劍,0528D,刀 ,13,15
劐,05290,刀 ,14,16
劑,05291,刀 ,14,16
劒,05292,刀 ,14,16
劓,05293,刀 ,14,16
劖,05296,刀 ,17,19
劘,05298,刀 ,19,21
劙,05299,刀 ,21,23
力,0529B,力 ,0,2
劝,0529D,力 ,2,4
办,0529E,力 ,2,4
功,0529F,力 ,3,5
加,052A0,力 ,3,5
劣,052A3,力 ,4,6
劦,052A6,力 ,4,6
动,052A8,力 ,2,6
助,052A9,力 ,5,7
努,052AA,力 ,5,7
劫,052AB,力 ,5,7
劬,052AC,力 ,5,7
劭,052AD,力 ,5,7
励,052B1,力 ,5,7
劳,052B3,力 ,6,8
劵,052B5,力 ,6,8
効,052B9,力 ,6,8
劻,052BB,力 ,6,8
劼,052BC,力 ,6,8
劾,052BE,力 ,6,8
势,052BF,力 ,6,8
勁,052C1,力 ,7,9
勃,052C3,力 ,7,9
勅,052C5,力 ,7,9
勇,052C7,力 ,7,9
勉,052C9,力 ,7,9
勌,052CC,力 ,8,10
勍,052CD,力 ,8,10
勑,052D1,力 ,8,10
勑,052D1,力 ,8,10
勒,052D2,力 ,9,11
勔,052D4,力 ,9,11
動,052D5,力 ,9,11
勗,052D7,曰 ,7,11
勘,052D8,力 ,9,11
務,052D9,力 ,9,11
勛,052DB,力 ,10,12
勝,052DD,力 ,10,12
勞,052DE,力 ,10,12
募,052DF,力 ,11,13
勠,052E0,力 ,11,13
勢,052E2,力 ,11,13
勣,052E3,力 ,11,13
勤,052E4,力 ,11,13
勦,052E6,力 ,11,13
勩,052E9,力 ,12,14
勰,052F0,力 ,13,15
勱,052F1,力 ,13,15
勳,052F3,力 ,14,16
勵,052F5,力 ,15,17
勷,052F7,力 ,17,19
勸,052F8,力 ,18,20
勸,052F8,力 ,18,20
勹,052F9,勹 ,0,2
勺,052FA,勹 ,1,3
勻,052FB,勹 ,2,4
勾,052FE,勹 ,2,4
勿,052FF,勹 ,2,4
匀,05300,勹 ,2,4
匁,05301,勹,2,4
匂,05302,勹,2,4
匃,05303,勹 ,3,5
匄,05304,勹 ,3,5
包,05305,勹 ,3,5
匆,05306,勹 ,3,5
匈,05308,勹 ,4,6
匊,0530A,勹 ,6,8
匋,0530B,勹 ,6,8
匍,0530D,勹 ,7,9
匏,0530F,勹 ,9,11
匐,05310,勹 ,9,11
匕,05315,匕 ,0,2
化,05316,匕 ,2,4
北,05317,匕 ,3,5
匙,05319,匕 ,9,11
匚,0531A,匚 ,0,2
匜,0531C,匚 ,3,5
匝,0531D,匚 ,3,5
匟,0531F,匚 ,4,6
匠,05320,匚 ,4,6
匡,05321,匚 ,4,6
匣,05323,匚 ,5,7
匪,0532A,匚 ,8,10
匭,0532D,匚 ,9,11
匯,0532F,匚 ,11,13
匱,05331,匚 ,12,14
匴,05334,匚 ,14,16
匵,05335,匚 ,15,17
匶,05336,匚 ,18,20
匸,05338,匸 ,0,2
匹,05339,匸 ,2,4
区,0533A,匸 ,2,4
医,0533B,匸 ,5,7
匼,0533C,匸 ,6,8
匽,0533D,匸 ,7,9
匾,0533E,匸 ,9,11
匿,0533F,匸 ,9,11
區,05340,匸 ,9,11
十,05341,十 ,0,2
卂,05342,十 ,1,3
千,05343,十 ,1,3
卅,05345,十 ,2,4
升,05347,十 ,2,4
午,05348,十 ,2,4
卉,05349,十 ,3,5
半,0534A,十 ,3,5
卋,0534B,十 ,4,6
卌,0534C,十 ,3,5
卍,0534D,十 ,4,6
卑,05351,十 ,6,8
卒,05352,十 ,6,8
卓,05353,十 ,6,8
協,05354,十 ,6,8
单,05355,十 ,6,8
南,05357,十 ,7,9
博,0535A,十 ,10,12
卜,0535C,卜 ,0,2
卝,0535D,卜 ,2,4
卞,0535E,卜 ,2,4
占,05360,卜 ,3,5
卡,05361,卜 ,3,5
卣,05363,卜 ,5,7
卦,05366,卜 ,6,8
卧,05367,臣 ,2,8
卩,05369,卩 ,0,2
卬,0536C,卩 ,2,4
卮,0536E,卩 ,3,5
卯,0536F,卩 ,3,5
印,05370,卩 ,4,6
危,05371,卩 ,4,6
卲,05372,卩 ,5,7
即,05373,卩 ,5,7
却,05374,卩 ,5,7
卵,05375,卩 ,5,7
卷,05377,卩 ,6,8
卸,05378,卩 ,6,8
卹,05379,卩 ,6,8
卺,0537A,卩 ,6,8
卻,0537B,卩 ,7,9
卼,0537C,卩 ,7,9
卿,0537F,卩 ,8,10
厀,05380,卩 ,11,13
厂,05382,厂 ,0,2
厄,05384,厂 ,2,4
历,05386,厂 ,2,4
厉,05389,厂 ,3,5
厊,0538A,厂 ,4,6
压,0538B,土 ,3,6
厎,0538E,厂 ,5,7
厎,0538E,厂 ,5,7
厏,0538F,厂 ,5,7
厓,05393,厂 ,6,8
厔,05394,厂 ,6,8
厖,05396,厂 ,7,9
厘,05398,厂 ,7,9
厘,05398,厂 ,7,9
厚,0539A,厂 ,7,9
厛,0539B,厂 ,7,9
厜,0539C,厂 ,9,11
厝,0539D,厂 ,8,10
厞,0539E,厂 ,8,10
原,0539F,厂 ,8,10
厠,053A0,厂 ,9,11
厤,053A4,厂 ,10,12
厥,053A5,厂 ,10,12
厦,053A6,厂 ,10,12
厨,053A8,厂 ,10,12
厩,053A9,厂 ,11,13
厪,053AA,厂 ,11,13
厭,053AD,厂 ,12,14
厮,053AE,厂 ,12,14
厯,053AF,厂 ,11,13
厰,053B0,厂 ,12,14
厲,053B2,厂 ,13,15
厴,053B4,厂 ,17,19
厶,053B6,厶 ,0,2
厹,053B9,厶 ,2,4
厺,053BA,厶 ,3,5
去,053BB,厶 ,3,5
参,053C2,厶 ,6,8
参,053C2,厶 ,6,8
參,053C3,厶 ,9,11
又,053C8,又 ,0,2
叉,053C9,又 ,1,3
及,053CA,又 ,2,4
友,053CB,又 ,2,4
双,053CC,又 ,2,4
反,053CD,又 ,2,4
収,053CE,又 ,2,4
叒,053D2,又 ,4,6
叔,053D4,又 ,6,8
叕,053D5,又 ,6,8
取,053D6,又 ,6,8
受,053D7,又 ,6,8
叙,053D9,又 ,7,9
叚,053DA,又 ,7,9
叛,053DB,又 ,7,9
叜,053DC,又 ,7,9
叟,053DF,又 ,8,10
叠,053E0,又 ,11,13
叡,053E1,又 ,14,16
叢,053E2,又 ,16,18
口,053E3,口 ,0,3
古,053E4,口 ,2,5
句,053E5,口 ,2,5
另,053E6,口 ,2,5
叨,053E8,口 ,2,5
叩,053E9,口 ,2,5
只,053EA,口 ,2,5
叫,053EB,口 ,2,5
召,053EC,口 ,2,5
叭,053ED,口 ,2,5
叮,053EE,口 ,2,5
可,053EF,口 ,2,5
台,053F0,口 ,2,5
台,053F0,口 ,2,5
叱,053F1,口 ,2,5
史,053F2,口 ,2,5
右,053F3,口 ,2,5
叴,053F4,口 ,2,5
叵,053F5,口 ,2,5
叶,053F6,口 ,2,5
号,053F7,口 ,2,5
司,053F8,口 ,2,5
叺,053FA,口 ,2,5
叼,053FC,口 ,2,5
吁,05401,口 ,3,6
吃,05403,口 ,3,6
各,05404,口 ,3,6
吆,05406,口 ,3,6
合,05408,口 ,3,6
吉,05409,口 ,3,6
吊,0540A,口 ,3,6
吋,0540B,口 ,3,6
同,0540C,口 ,3,6
名,0540D,口 ,3,6
后,0540E,口 ,3,6
吏,0540F,口 ,3,6
吐,05410,口 ,3,6
向,05411,口 ,3,6
吒,05412,口 ,3,6
吓,05413,口 ,3,6
吔,05414,口 ,3,6
君,0541B,口 ,4,7
吝,0541D,口 ,4,7
吞,0541E,口 ,4,7
吟,0541F,口 ,4,7
吠,05420,口 ,4,7
吡,05421,口 ,4,7
否,05426,口 ,4,7
吧,05427,口 ,4,7
吩,05429,口 ,4,7
吪,0542A,口 ,4,7
含,0542B,口 ,4,7
听,0542C,口 ,4,7
听,0542C,口 ,4,7
吭,0542D,口 ,4,7
吮,0542E,口 ,4,7
吰,05430,口 ,4,7
吱,05431,口 ,4,7
吳,05433,口 ,4,7
吴,05434,口 ,4,7
吵,05435,口 ,4,7
吶,05436,口 ,4,7
吷,05437,口 ,4,7
吸,05438,口 ,4,7
吹,05439,口 ,4,7
吻,0543B,口 ,4,7
吼,0543C,口 ,4,7
吽,0543D,口 ,4,7
吾,0543E,口 ,4,7
呀,05440,口 ,4,7
呂,05442,口 ,4,7
呃,05443,口 ,4,7
呆,05446,口 ,4,7
呈,05448,口 ,4,7
告,0544A,口 ,4,7
呌,0544C,口 ,4,7
呎,0544E,口 ,4,7
呑,05451,口 ,4,7
呔,05454,口 ,4,7
呝,0545D,口 ,5,8
呢,05462,口 ,5,8
呥,05465,口 ,5,8
呦,05466,口 ,5,8
周,05468,口 ,5,8
呪,0546A,口 ,5,8
呫,0546B,口 ,5,8
呰,05470,口 ,6,9
呱,05471,口 ,5,8
呲,05472,口 ,6,9
味,05473,口 ,5,8
呴,05474,口 ,5,8
呵,05475,口 ,5,8
呶,05476,口 ,5,8
呷,05477,口 ,5,8
呸,05478,口 ,5,8
呺,0547A,口 ,5,8
呻,0547B,口 ,5,8
呼,0547C,口 ,5,8
命,0547D,口 ,5,8
呾,0547E,口 ,5,8
呿,0547F,口 ,5,8
咀,05480,口 ,5,8
咂,05482,口 ,5,8
咄,05484,口 ,5,8
咆,05486,口 ,5,8
咇,05487,口 ,5,8
咈,05488,口 ,5,8
咊,0548A,口 ,5,8
咋,0548B,口 ,5,8
和,0548C,口 ,5,8
咍,0548D,口 ,5,8
咎,0548E,口 ,5,8
咏,0548F,口 ,5,8
咐,05490,口 ,5,8
咒,05492,口 ,5,8
咕,05495,口 ,5,8
咖,05496,口 ,5,8
咚,0549A,口 ,5,8
咡,054A1,口 ,6,9
咢,054A2,口 ,6,9
咤,054A4,口 ,6,9
咥,054A5,口 ,6,9
咦,054A6,口 ,6,9
咧,054A7,口 ,6,9
咨,054A8,口 ,6,9
咩,054A9,口 ,6,9
咪,054AA,口 ,6,9
咫,054AB,口 ,6,9
咬,054AC,口 ,6,9
咭,054AD,口 ,6,9
咮,054AE,口 ,6,9
咯,054AF,口 ,6,9
咱,054B1,口 ,6,9
咲,054B2,口 ,6,9
咳,054B3,口 ,6,9
咵,054B5,口 ,6,9
咷,054B7,口 ,6,9
咸,054B8,口 ,6,9
咺,054BA,口 ,6,9
咻,054BB,口 ,6,9
咼,054BC,口 ,6,9
咽,054BD,口 ,6,9
咿,054BF,口 ,6,9
哀,054C0,口 ,6,9
品,054C1,口 ,6,9
哂,054C2,口 ,6,9
哃,054C3,口 ,6,9
哄,054C4,口 ,6,9
哅,054C5,口 ,6,9
哆,054C6,口 ,6,9
哇,054C7,口 ,6,9
哈,054C8,口 ,6,9
哉,054C9,口 ,6,9
响,054CD,口 ,6,9
哎,054CE,口 ,6,9
哏,054CF,口 ,6,9
哖,054D6,口 ,6,9
員,054E1,口 ,7,10
哤,054E4,口 ,7,10
哥,054E5,口 ,7,10
哦,054E6,口 ,7,10
哧,054E7,口 ,7,10
哨,054E8,口 ,7,10
哩,054E9,口 ,7,10
哪,054EA,口 ,7,10
哫,054EB,口 ,7,10
哭,054ED,口 ,7,10
哮,054EE,口 ,7,10
哰,054F0,口 ,7,10
哱,054F1,口 ,7,10
哲,054F2,口 ,7,10
哳,054F3,口 ,7,10
哶,054F6,口 ,7,10
哷,054F7,口 ,7,10
哺,054FA,口 ,7,10
哼,054FC,口 ,7,10
哽,054FD,口 ,7,10
哿,054FF,口 ,7,10
唁,05501,口 ,7,10
唄,05504,口 ,7,10
唅,05505,口 ,7,10
唆,05506,口 ,7,10
唇,05507,口 ,7,10
唈,05508,口 ,7,10
唉,05509,口 ,7,10
唏,0550F,口 ,7,10
唐,05510,口 ,7,10
唓,05513,口 ,7,10
唔,05514,口 ,7,10
唕,05515,口 ,7,10
唖,05516,口 ,7,10
唗,05517,口 ,7,10
唘,05518,口 ,7,10
唚,0551A,口 ,7,10
唣,05523,口 ,7,10
唦,05526,口 ,7,10
唧,05527,口 ,7,10
唪,0552A,口 ,8,11
唫,0552B,口 ,8,11
唬,0552C,口 ,8,11
售,0552E,口 ,8,11
唯,0552F,口 ,8,11
唱,05531,口 ,8,11
唲,05532,口 ,8,11
唳,05533,口 ,8,11
唵,05535,口 ,8,11
唶,05536,口 ,8,11
唷,05537,口 ,7,10
唸,05538,口 ,8,11
唼,0553C,口 ,8,11
唾,0553E,口 ,9,12
啀,05540,口 ,8,11
啁,05541,口 ,8,11
啃,05543,口 ,8,11
啄,05544,口 ,8,11
啅,05545,口 ,8,11
商,05546,口 ,8,11
啊,0554A,口 ,8,11
啍,0554D,口 ,8,11
啎,0554E,口 ,8,11
問,0554F,口 ,8,11
啐,05550,口 ,8,11
啑,05551,口 ,8,11
啓,05553,口 ,8,11
啔,05554,口 ,8,11
啕,05555,口 ,8,11
啖,05556,口 ,8,11
啗,05557,口 ,8,11
啚,0555A,口 ,8,11
啚,0555A,口 ,8,11
啜,0555C,口 ,8,11
啞,0555E,口 ,8,11
啟,0555F,攴 ,7,11
啡,05561,口 ,8,11
啢,05562,口 ,8,11
啣,05563,口 ,8,11
啤,05564,口 ,8,11
啥,05565,口 ,8,11
啦,05566,口 ,8,11
啪,0556A,口 ,8,11
啰,05570,口 ,8,11
啵,05575,口 ,8,11
啶,05576,口 ,8,11
啷,05577,口 ,9,12
啻,0557B,口 ,9,12
啼,0557C,口 ,9,12
啽,0557D,口 ,9,12
啾,0557E,口 ,9,12
喀,05580,口 ,9,12
喁,05581,口 ,9,12
喂,05582,口 ,9,12
喃,05583,口 ,9,12
善,05584,羊 ,6,12
喆,05586,口 ,9,12
喇,05587,口 ,9,12
喈,05588,口 ,9,12
喉,05589,口 ,9,12
喊,0558A,口 ,9,12
喋,0558B,口 ,9,12
喌,0558C,口 ,9,12
喍,0558D,口 ,10,13
喎,0558E,口 ,9,12
喏,0558F,口 ,9,12
喑,05591,口 ,9,12
喒,05592,口 ,9,12
喓,05593,口 ,9,12
喔,05594,口 ,9,12
喘,05598,口 ,9,12
喙,05599,口 ,9,12
喚,0559A,口 ,9,12
喜,0559C,口 ,9,12
喝,0559D,口 ,9,12
喞,0559E,口 ,9,12
喟,0559F,口 ,9,12
喢,055A2,口 ,9,12
喣,055A3,口 ,9,12
喤,055A4,口 ,9,12
喦,055A6,口 ,9,12
喧,055A7,口 ,9,12
喨,055A8,口 ,9,12
喩,055A9,口 ,9,12
喪,055AA,口 ,9,12
喫,055AB,口 ,9,12
喬,055AC,口 ,9,12
喭,055AD,口 ,9,12
單,055AE,口 ,9,12
喱,055B1,口 ,9,12
喲,055B2,口 ,9,12
喳,055B3,口 ,9,12
喵,055B5,口 ,9,12
喻,055BB,口 ,9,12
喽,055BD,口 ,9,12
嗀,055C0,口 ,10,13
嗁,055C1,口 ,10,13
嗃,055C3,口 ,10,13
嗄,055C4,口 ,10,13
嗅,055C5,口 ,10,13
嗆,055C6,口 ,10,13
嗇,055C7,口 ,10,13
嗈,055C8,口 ,10,13
嗉,055C9,口 ,10,13
嗊,055CA,口 ,10,13
嗋,055CB,口 ,10,13
嗌,055CC,口 ,10,13
嗍,055CD,口 ,10,13
嗎,055CE,口 ,10,13
嗏,055CF,口 ,10,13
嗐,055D0,口 ,10,13
嗑,055D1,口 ,10,13
嗒,055D2,口 ,10,13
嗓,055D3,口 ,10,13
嗔,055D4,口 ,10,13
嗖,055D6,口 ,10,13
嗚,055DA,口 ,10,13
嗛,055DB,口 ,10,13
嗜,055DC,口 ,10,13
嗝,055DD,口 ,10,13
嗞,055DE,口 ,9,12
嗟,055DF,口 ,10,13
嗡,055E1,口 ,10,13
嗢,055E2,口 ,10,13
嗣,055E3,口 ,10,13
嗤,055E4,口 ,10,13
嗥,055E5,口 ,10,13
嗦,055E6,口 ,10,13
嗨,055E8,口 ,10,13
嗩,055E9,口 ,10,13
嗯,055EF,口 ,10,13
嗲,055F2,口 ,10,13
嗶,055F6,口 ,11,14
嗷,055F7,口 ,11,14
嗹,055F9,口 ,11,14
嗻,055FB,口 ,11,14
嗼,055FC,口 ,11,14
嗽,055FD,口 ,11,14
嗾,055FE,口 ,11,14
嗿,055FF,口 ,11,14
嘀,05600,口 ,11,14
嘁,05601,口 ,11,14
嘅,05605,口 ,11,14
嘆,05606,口 ,11,14
嘈,05608,口 ,11,14
嘉,05609,口 ,11,14
嘌,0560C,口 ,11,14
嘍,0560D,口 ,11,14
嘎,0560E,口 ,11,14
嘏,0560F,口 ,11,14
嘐,05610,口 ,11,14
嘑,05611,口 ,11,14
嘒,05612,口 ,11,14
嘓,05613,口 ,11,14
嘔,05614,口 ,11,14
嘕,05615,口 ,11,14
嘖,05616,口 ,11,14
嘗,05617,口 ,11,14
嘚,0561A,口 ,11,14
嘛,0561B,口 ,11,14
嘟,0561F,口 ,11,14
嘧,05627,口 ,11,14
嘩,05629,口 ,12,15
嘩,05629,口 ,12,15
嘬,0562C,口 ,12,15
嘮,0562E,口 ,12,15
嘯,0562F,口 ,12,15
嘰,05630,口 ,12,15
嘱,05631,口 ,12,15
嘲,05632,口 ,12,15
嘴,05634,口 ,13,16
嘵,05635,口 ,12,15
嘶,05636,口 ,12,15
嘷,05637,口 ,12,15
嘸,05638,口 ,12,15
嘹,05639,口 ,12,15
嘻,0563B,口 ,12,15
嘽,0563D,口 ,12,15
嘿,0563F,口 ,12,15
噀,05640,口 ,12,15
噁,05641,口 ,12,15
噂,05642,口 ,12,15
噆,05646,口 ,12,15
噇,05647,口 ,12,15
噉,05649,口 ,12,15
噌,0564C,口 ,12,15
噍,0564D,口 ,12,15
噍,0564D,口 ,12,15
噎,0564E,口 ,12,15
噏,0564F,口 ,12,15
噐,05650,口 ,12,15
噓,05653,口 ,12,15
噔,05654,口 ,12,15
噗,05657,口 ,12,15
噘,05658,口 ,12,15
噙,05659,口 ,13,16
噚,0565A,口 ,12,15
噞,0565E,口 ,13,16
噠,05660,口 ,13,16
噢,05662,口 ,13,16
噣,05663,口 ,13,16
噤,05664,口 ,13,16
噥,05665,口 ,13,16
噦,05666,口 ,13,16
器,05668,口 ,13,16
噩,05669,口 ,13,16
噪,0566A,口 ,13,16
噫,0566B,口 ,13,16
噬,0566C,口 ,13,16
噭,0566D,口 ,13,16
噯,0566F,口 ,13,16
噰,05670,口 ,13,16
噱,05671,口 ,13,16
噲,05672,口 ,13,16
噴,05674,口 ,12,15
噶,05676,口 ,13,16
噸,05678,口 ,13,16
噹,05679,口 ,13,16
噺,0567A,口,13,16
噽,0567D,口 ,14,17
嚀,05680,口 ,14,17
嚃,05683,口 ,14,17
嚄,05684,口 ,14,17
嚅,05685,口 ,14,17
嚆,05686,口 ,14,17
嚇,05687,口 ,14,17
嚌,0568C,口 ,14,17
嚎,0568E,口 ,14,17
嚏,0568F,口 ,14,17
嚐,05690,口 ,14,17
嚕,05695,口 ,15,18
嚗,05697,口 ,15,18
嚘,05698,口 ,15,18
嚙,05699,口 ,15,18
嚚,0569A,口 ,15,18
嚜,0569C,口 ,15,18
嚥,056A5,口 ,16,19
嚦,056A6,口 ,16,19
嚧,056A7,口 ,16,19
嚨,056A8,口 ,16,19
嚫,056AB,口 ,16,19
嚬,056AC,口 ,16,19
嚭,056AD,口 ,16,19
嚮,056AE,口 ,15,18
嚱,056B1,口 ,17,20
嚲,056B2,口 ,17,20
嚳,056B3,口 ,17,20
嚴,056B4,口 ,17,20
嚵,056B5,口 ,17,20
嚶,056B6,口 ,17,20
嚷,056B7,口 ,17,20
嚻,056BB,口 ,18,21
嚼,056BC,口 ,17,20
嚾,056BE,口 ,18,21
囀,056C0,口 ,18,21
囁,056C1,口 ,18,21
囂,056C2,口 ,18,21
囃,056C3,口 ,18,21
囅,056C5,口 ,19,22
囈,056C8,口 ,19,22
囉,056C9,口 ,19,22
囊,056CA,口 ,19,22
囋,056CB,口 ,19,22
囌,056CC,口 ,20,23
囑,056D1,口 ,21,24
囔,056D4,口 ,22,25
囗,056D7,囗 ,0,3
囘,056D8,冂 ,3,5
囙,056D9,囗 ,2,5
囚,056DA,囗 ,2,5
四,056DB,囗 ,2,5
囝,056DD,囗 ,3,6
回,056DE,囗 ,3,6
囟,056DF,囗 ,3,6
因,056E0,囗 ,3,6
囡,056E1,囗 ,3,6
囤,056E4,囗 ,4,7
囧,056E7,囗 ,4,7
囪,056EA,囗 ,4,7
囫,056EB,囗 ,4,7
囬,056EC,囗 ,4,7
园,056ED,囗 ,4,7
囮,056EE,囗 ,4,7
囯,056EF,囗 ,4,7
困,056F0,囗 ,4,7
囲,056F2,囗 ,4,7
囷,056F7,囗 ,5,8
囹,056F9,囗 ,5,8
固,056FA,囗 ,5,8
图,056FE,囗 ,5,8
囿,056FF,囗 ,6,9
圂,05702,囗 ,7,10
圃,05703,囗 ,7,10
圄,05704,囗 ,7,10
圅,05705,口 ,7,10
圇,05707,囗 ,8,11
圈,05708,囗 ,8,11
圉,05709,囗 ,8,11
圊,0570A,囗 ,8,11
國,0570B,囗 ,8,11
圌,0570C,囗 ,9,12
圍,0570D,囗 ,9,12
園,05712,囗 ,10,13
圓,05713,囗 ,10,13
圖,05716,囗 ,11,14
團,05718,囗 ,11,14
圛,0571B,囗 ,13,16
圜,0571C,囗 ,13,16
土,0571F,土 ,0,3
圠,05720,土 ,1,4
在,05728,土 ,3,6
圩,05729,土 ,3,6
圬,0572C,土 ,3,6
圭,0572D,土 ,3,6
圮,0572E,土 ,3,6
圯,0572F,土 ,3,6
地,05730,土 ,3,6
圳,05733,土 ,3,6
圻,0573B,土 ,4,7
圾,0573E,土 ,4,7
址,05740,土 ,4,7
坁,05741,土 ,4,7
坂,05742,土 ,4,7
坄,05744,土 ,4,7
坆,05746,土 ,4,7
均,05747,土 ,4,7
坊,0574A,土 ,4,7
坌,0574C,土 ,4,7
坍,0574D,土 ,4,7
坎,0574E,土 ,4,7
坏,0574F,土 ,4,7
坏,0574F,土 ,4,7
坐,05750,土 ,4,7
坑,05751,土 ,4,7
块,05757,土 ,4,7
坛,0575B,土 ,4,7
坡,05761,土 ,5,8
坣,05763,土 ,5,8
坤,05764,土 ,5,8
坦,05766,土 ,5,8
坨,05768,土 ,5,8
坩,05769,土 ,5,8
坪,0576A,土 ,5,8
坫,0576B,土 ,5,8
坯,0576F,土 ,5,8
坰,05770,土 ,5,8
坱,05771,土 ,5,8
坳,05773,土 ,5,8
坵,05775,土 ,5,8
坶,05776,土 ,5,8
坷,05777,土 ,5,8
坻,0577B,土 ,5,8
坼,0577C,土 ,5,8
坿,0577F,土 ,5,8
垂,05782,土 ,6,9
垃,05783,土 ,5,8
型,0578B,土 ,6,9
垌,0578C,土 ,6,9
垍,0578D,土 ,6,9
垓,05793,土 ,6,9
垔,05794,土 ,6,9
垕,05795,土 ,6,9
垗,05797,土 ,6,9
垚,0579A,土 ,6,9
垛,0579B,土 ,6,9
垝,0579D,土 ,6,9
垞,0579E,土 ,6,9
垠,057A0,土 ,6,9
垡,057A1,土 ,6,9
垢,057A2,土 ,6,9
垣,057A3,土 ,6,9
垤,057A4,土 ,6,9
垮,057AE,土 ,6,9
垸,057B8,土 ,7,10
垺,057BA,土 ,7,10
垻,057BB,土 ,7,10
埂,057C2,土 ,7,10
埃,057C3,土 ,7,10
埆,057C6,土 ,7,10
埋,057CB,土 ,7,10
埌,057CC,土 ,7,10
城,057CE,土 ,6,9
埏,057CF,土 ,8,11
埒,057D2,土 ,7,10
埔,057D4,土 ,7,10
埕,057D5,土 ,7,10
埛,057DB,土 ,7,10
埜,057DC,土 ,8,11
埝,057DD,土 ,8,11
域,057DF,土 ,8,11
埠,057E0,土 ,8,11
埤,057E4,土 ,8,11
埧,057E7,土 ,8,11
埭,057ED,土 ,8,11
埳,057F3,土 ,8,11
埴,057F4,土 ,8,11
埵,057F5,土 ,9,12
埶,057F6,土 ,8,11
執,057F7,土 ,8,11
埸,057F8,土 ,8,11
培,057F9,土 ,8,11
基,057FA,土 ,8,11
埻,057FB,土 ,8,11
埼,057FC,土 ,8,11
埽,057FD,土 ,8,11
堀,05800,土 ,8,11
堁,05801,土 ,8,11
堂,05802,土 ,8,11
堃,05803,土 ,8,11
堄,05804,土 ,8,11
堅,05805,土 ,8,11
堆,05806,土 ,8,11
堇,05807,土 ,8,11
堉,05809,土 ,7,10
堊,0580A,土 ,8,11
堋,0580B,土 ,8,11
堍,0580D,土 ,8,11
堐,05810,土 ,8,11
堕,05815,土 ,9,12
堙,05819,土 ,9,12
堝,0581D,土 ,9,12
堞,0581E,土 ,9,12
堠,05820,土 ,9,12
堡,05821,土 ,9,12
堤,05824,土 ,9,12
堥,05825,土 ,9,12
堦,05826,土 ,9,12
堧,05827,土 ,9,12
堩,05829,土 ,9,12
堪,0582A,土 ,9,12
堮,0582E,土 ,9,12
堯,0582F,土 ,9,12
堰,05830,土 ,9,12
報,05831,土 ,9,12
堲,05832,土 ,7,10
場,05834,土 ,9,12
堵,05835,土 ,8,11
堶,05836,土 ,9,12
堺,0583A,土 ,9,12
堽,0583D,土 ,10,13
塀,05840,土,9,12
塈,05848,土 ,9,12
塊,0584A,土 ,10,13
塋,0584B,土 ,10,13
塌,0584C,土 ,10,13
塍,0584D,土 ,10,13
塏,0584F,土 ,10,13
塑,05851,土 ,10,13
塒,05852,土 ,10,13
塓,05853,土 ,10,13
塔,05854,土 ,10,13
塕,05855,土 ,10,13
塗,05857,土 ,10,13
塘,05858,土 ,10,13
塙,05859,土 ,10,13
塚,0585A,土 ,10,13
塞,0585E,土 ,10,13
塟,0585F,艸 ,9,13
塡,05861,土 ,10,13
塢,05862,土 ,10,13
塨,05868,土 ,10,13
塩,05869,皿 ,8,13
填,0586B,土 ,10,13
塭,0586D,土 ,10,13
塲,05872,土 ,11,14
塵,05875,土 ,11,14
塹,05879,土 ,11,14
塺,0587A,土 ,11,14
塼,0587C,土 ,11,14
塽,0587D,土 ,11,14
塾,0587E,土 ,11,14
塿,0587F,土 ,11,14
墀,05880,土 ,12,15
墁,05881,土 ,11,14
境,05883,土 ,11,14
墅,05885,土 ,11,14
墆,05886,土 ,11,14
墉,05889,土 ,11,14
墊,0588A,土 ,11,14
墍,0588D,土 ,11,14
墐,05890,土 ,11,14
墓,05893,土 ,11,14
墘,05898,土 ,11,14
墜,0589C,土 ,12,15
墝,0589D,土 ,12,15
增,0589E,土 ,12,15
墟,0589F,土 ,12,15
墠,058A0,土 ,12,15
墡,058A1,土 ,12,15
墣,058A3,土 ,12,15
墦,058A6,土 ,12,15
墨,058A8,黑 ,3,15
墩,058A9,土 ,12,15
墪,058AA,土 ,12,15
墮,058AE,土 ,12,15
墯,058AF,土 ,12,15
墱,058B1,土 ,12,15
墳,058B3,土 ,12,15
墻,058BB,土 ,13,16
墼,058BC,土 ,13,16
墾,058BE,土 ,13,16
壁,058C1,土 ,13,16
壄,058C4,土 ,13,16
壅,058C5,土 ,13,16
壇,058C7,土 ,13,16
壈,058C8,土 ,13,16
壎,058CE,土 ,14,17
壑,058D1,土 ,14,17
壓,058D3,土 ,14,17
壕,058D5,土 ,14,17
壘,058D8,土 ,15,18
壙,058D9,土 ,15,18
壚,058DA,土 ,16,19
壜,058DC,土 ,16,19
壝,058DD,土 ,16,19
壞,058DE,土 ,16,19
壟,058DF,土 ,16,19
壠,058E0,土 ,16,19
壢,058E2,土 ,16,19
壤,058E4,土 ,17,20
壩,058E9,土 ,21,24
士,058EB,士 ,0,3
壬,058EC,士 ,1,4
壮,058EE,士 ,3,6
壯,058EF,士 ,4,7
声,058F0,士 ,4,7
壳,058F3,士 ,5,8
壴,058F4,士 ,6,9
壹,058F9,士 ,9,12
壺,058FA,士 ,9,12
壻,058FB,士 ,9,12
壼,058FC,士 ,10,13
壽,058FD,士 ,11,14
夂,05902,夂 ,0,3
夃,05903,夂 ,1,4
変,05909,夊 ,6,9
夊,0590A,夊 ,0,3
复,0590D,夊 ,6,9
夏,0590F,夊 ,7,10
夔,05914,夊 ,18,21
夕,05915,夕 ,0,3
外,05916,夕 ,2,5
夙,05919,夕 ,3,6
多,0591A,夕 ,3,6
夜,0591C,夕 ,5,8
够,0591F,夕 ,8,11
夠,05920,夕 ,8,11
夢,05922,夕 ,11,14
夤,05924,夕 ,11,14
夥,05925,夕 ,11,14
大,05927,大 ,0,3
夨,05928,大 ,1,4
天,05929,大 ,1,4
太,0592A,大 ,1,4
夫,0592B,大 ,1,4
夬,0592C,大 ,1,4
夭,0592D,大 ,1,4
央,0592E,大 ,2,5
夯,0592F,大 ,2,5
失,05931,大 ,2,5
夲,05932,大 ,2,5
头,05934,大 ,2,5
夷,05937,大 ,3,6
夸,05938,大 ,3,6
夾,0593E,大 ,4,7
奄,05944,大 ,5,8
奅,05945,大 ,5,8
奇,05947,大 ,5,8
奈,05948,大 ,5,8
奉,05949,大 ,5,8
奌,0594C,大 ,5,8
奎,0594E,大 ,6,9
奏,0594F,大 ,6,9
奐,05950,大 ,6,9
契,05951,大 ,6,9
奓,05953,大 ,6,9
奔,05954,大 ,5,8
奕,05955,大 ,6,9
套,05957,大 ,7,10
奘,05958,大 ,7,10
奚,0595A,大 ,7,10
奠,05960,大 ,9,12
奡,05961,大 ,9,12
奢,05962,大 ,8,11
奧,05967,大 ,10,13
奩,05969,大 ,11,14
奪,0596A,大 ,11,14
奫,0596B,大 ,11,14
奬,0596C,大 ,11,14
奭,0596D,大 ,12,15
奮,0596E,大 ,13,16
奰,05970,大 ,15,18
女,05973,女 ,0,3
奴,05974,女 ,2,5
奶,05976,女 ,2,5
奸,05978,女 ,3,6
她,05979,女 ,3,6
奼,0597C,女 ,3,6
好,0597D,女 ,3,6
妁,05981,女 ,3,6
如,05982,女 ,3,6
妃,05983,女 ,3,6
妄,05984,女 ,3,6
妊,0598A,女 ,4,7
妍,0598D,女 ,4,7
妎,0598E,女 ,4,7
妐,05990,女 ,4,7
妒,05992,女 ,4,7
妓,05993,女 ,4,7
妖,05996,女 ,4,7
妗,05997,女 ,4,7
妙,05999,女 ,4,7
妝,0599D,女 ,4,7
妞,0599E,女 ,4,7
妢,059A2,女 ,4,7
妣,059A3,女 ,4,7
妤,059A4,女 ,4,7
妥,059A5,女 ,4,7
妨,059A8,女 ,4,7
妬,059AC,女 ,5,8
妮,059AE,女 ,5,8
妯,059AF,女 ,5,8
妲,059B2,女 ,5,8
妳,059B3,女 ,5,8
妳,059B3,女 ,5,8
妸,059B8,女 ,5,8
妹,059B9,女 ,5,8
妺,059BA,女 ,5,8
妻,059BB,女 ,5,8
妾,059BE,女 ,5,8
姁,059C1,女 ,5,8
姆,059C6,女 ,5,8
姉,059C9,女 ,5,8
姊,059CA,女 ,5,8
始,059CB,女 ,5,8
姌,059CC,女 ,5,8
姍,059CD,女 ,5,8
姏,059CF,女 ,5,8
姐,059D0,女 ,5,8
姑,059D1,女 ,5,8
姒,059D2,女 ,5,8
姓,059D3,女 ,5,8
委,059D4,女 ,5,8
姗,059D7,女 ,5,8
姘,059D8,女 ,6,9
姙,059D9,女 ,6,9
姚,059DA,女 ,6,9
姜,059DC,女 ,6,9
姝,059DD,女 ,6,9
姞,059DE,女 ,6,9
姣,059E3,女 ,6,9
姤,059E4,女 ,6,9
姥,059E5,女 ,6,9
姦,059E6,女 ,6,9
姨,059E8,女 ,6,9
姪,059EA,女 ,6,9
姬,059EC,女 ,7,10
姮,059EE,女 ,6,9
姱,059F1,女 ,6,9
姸,059F8,女 ,6,9
姹,059F9,女 ,6,9
姺,059FA,女 ,6,9
姻,059FB,女 ,6,9
姽,059FD,女 ,6,9
姿,059FF,女 ,6,9
娀,05A00,女 ,6,9
威,05A01,女 ,6,9
娃,05A03,女 ,6,9
娄,05A04,女 ,6,9
娇,05A07,女 ,6,9
娈,05A08,女 ,6,9
娉,05A09,女 ,7,10
娌,05A0C,女 ,7,10
娑,05A11,女 ,7,10
娓,05A13,女 ,7,10
娖,05A16,女 ,7,10
娘,05A18,女 ,7,10
娙,05A19,女 ,7,10
娛,05A1B,女 ,7,10
娜,05A1C,女 ,7,10
娟,05A1F,女 ,7,10
娠,05A20,女 ,7,10
娣,05A23,女 ,7,10
娥,05A25,女 ,7,10
娩,05A29,女 ,7,10
娭,05A2D,女 ,7,10
娱,05A31,女 ,7,10
娶,05A36,女 ,8,11
娸,05A38,女 ,8,11
娼,05A3C,女 ,8,11
娿,05A3F,女 ,8,11
婀,05A40,女 ,8,11
婁,05A41,女 ,8,11
婆,05A46,女 ,8,11
婉,05A49,女 ,8,11
婊,05A4A,女 ,8,11
婐,05A50,女 ,8,11
婑,05A51,女 ,8,11
婓,05A53,女 ,8,11
婕,05A55,女 ,8,11
婗,05A57,女 ,8,11
婚,05A5A,女 ,8,11
婞,05A5E,女 ,8,11
婠,05A60,女 ,8,11
婢,05A62,女 ,8,11
婣,05A63,女 ,8,11
婥,05A65,女 ,8,11
婦,05A66,女 ,8,11
婧,05A67,女 ,8,11
婪,05A6A,女 ,8,11
婬,05A6C,女 ,8,11
婭,05A6D,女 ,8,11
婷,05A77,女 ,9,12
婺,05A7A,女 ,9,12
婼,05A7C,女 ,9,12
婿,05A7F,女 ,9,12
媍,05A8D,女 ,9,12
媐,05A90,女 ,10,13
媒,05A92,女 ,9,12
媔,05A94,女 ,9,12
媕,05A95,女 ,9,12
媖,05A96,女 ,9,12
媚,05A9A,女 ,9,12
媛,05A9B,女 ,9,12
媞,05A9E,女 ,9,12
媟,05A9F,女 ,9,12
媠,05AA0,女 ,9,12
媠,05AA0,女 ,9,12
媢,05AA2,女 ,9,12
媥,05AA5,女 ,9,12
媦,05AA6,女 ,9,12
媧,05AA7,女 ,9,12
媬,05AAC,女 ,9,12
媮,05AAE,女 ,9,12
媯,05AAF,女 ,9,12
媱,05AB1,女 ,10,13
媲,05AB2,女 ,10,13
媳,05AB3,女 ,10,13
媵,05AB5,女 ,10,13
媸,05AB8,女 ,10,13
媺,05ABA,女 ,10,13
媻,05ABB,女 ,10,13
媼,05ABC,女 ,10,13
媽,05ABD,女 ,10,13
媾,05ABE,女 ,10,13
媿,05ABF,女 ,10,13
嫁,05AC1,女 ,10,13
嫂,05AC2,女 ,10,13
嫄,05AC4,女 ,10,13
嫇,05AC7,女 ,10,13
嫈,05AC8,女 ,10,13
嫉,05AC9,女 ,10,13
嫋,05ACB,女 ,10,13
嫌,05ACC,女 ,10,13
嫏,05ACF,女 ,9,12
嫕,05AD5,女 ,11,14
嫖,05AD6,女 ,11,14
嫗,05AD7,女 ,11,14
嫘,05AD8,女 ,11,14
嫚,05ADA,女 ,11,14
嫛,05ADB,女 ,11,14
嫜,05ADC,女 ,11,14
嫟,05ADF,女 ,11,14
嫠,05AE0,女 ,11,14
嫡,05AE1,女 ,11,14
嫣,05AE3,女 ,11,14
嫥,05AE5,女 ,11,14
嫦,05AE6,女 ,11,14
嫩,05AE9,女 ,11,14
嫪,05AEA,女 ,11,14
嫫,05AEB,女 ,11,14
嫭,05AED,女 ,11,14
嫮,05AEE,女 ,11,14
嫳,05AF3,女 ,11,14
嫵,05AF5,女 ,12,15
嫶,05AF6,女 ,12,15
嫺,05AFA,女 ,12,15
嫻,05AFB,女 ,12,15
嫽,05AFD,女 ,12,15
嫿,05AFF,女 ,12,15
嬀,05B00,女 ,12,15
嬃,05B03,女 ,12,15
嬈,05B08,女 ,12,15
嬉,05B09,女 ,12,15
嬋,05B0B,女 ,12,15
嬌,05B0C,女 ,12,15
嬗,05B17,女 ,13,16
嬙,05B19,女 ,13,16
嬛,05B1B,女 ,13,16
嬝,05B1D,女 ,13,16
嬡,05B21,女 ,13,16
嬤,05B24,女 ,14,17
嬥,05B25,女 ,14,17
嬪,05B2A,女 ,14,17
嬬,05B2C,女 ,14,17
嬭,05B2D,女 ,14,17
嬯,05B2F,女 ,14,17
嬰,05B30,女 ,14,17
嬲,05B32,女 ,14,17
嬴,05B34,女 ,13,16
嬶,05B36,女 ,14,17
嬸,05B38,女 ,15,18
嬽,05B3D,女 ,16,19
嬿,05B3F,女 ,16,19
孀,05B40,女 ,17,20
孃,05B43,女 ,17,20
孅,05B45,女 ,17,20
孌,05B4C,女 ,19,22
子,05B50,子 ,0,3
孑,05B51,子 ,0,3
孓,05B53,子 ,0,3
孔,05B54,子 ,1,4
孕,05B55,子 ,2,5
孖,05B56,子 ,3,6
字,05B57,子 ,3,6
存,05B58,子 ,3,6
孙,05B59,子 ,3,6
孚,05B5A,子 ,4,7
孛,05B5B,子 ,4,7
孜,05B5C,子 ,4,7
孝,05B5D,子 ,4,7
孟,05B5F,子 ,5,8
孢,05B62,子 ,5,8
季,05B63,子 ,5,8
孤,05B64,子 ,5,8
孥,05B65,子 ,5,8
孩,05B69,子 ,6,9
孪,05B6A,子 ,6,9
孫,05B6B,子 ,7,10
孬,05B6C,子 ,7,10
孰,05B70,子 ,8,11
孱,05B71,子 ,9,12
孳,05B73,子 ,9,12
孴,05B74,子 ,10,13
孵,05B75,子 ,11,14
學,05B78,子 ,13,16
孺,05B7A,子 ,14,17
孼,05B7C,子 ,16,19
孽,05B7D,子 ,17,20
孿,05B7F,子 ,19,22
宀,05B80,宀 ,0,3
宁,05B81,宀 ,2,5
宂,05B82,宀 ,2,5
它,05B83,宀 ,2,5
宄,05B84,宀 ,2,5
宅,05B85,宀 ,3,6
宇,05B87,宀 ,3,6
守,05B88,宀 ,3,6
安,05B89,宀 ,3,6
宋,05B8B,宀 ,4,7
完,05B8C,宀 ,4,7
宎,05B8E,宀 ,4,7
宏,05B8F,宀 ,4,7
宓,05B93,宀 ,5,8
宕,05B95,宀 ,5,8
宗,05B97,宀 ,5,8
官,05B98,宀 ,5,8
宙,05B99,宀 ,5,8
定,05B9A,宀 ,5,8
宛,05B9B,宀 ,5,8
宜,05B9C,宀 ,5,8
宝,05B9D,宀 ,5,8
实,05B9E,宀 ,5,8
客,05BA2,宀 ,6,9
宣,05BA3,宀 ,6,9
室,05BA4,宀 ,6,9
宥,05BA5,宀 ,6,9
宦,05BA6,宀 ,6,9
宧,05BA7,宀 ,7,10
宬,05BAC,宀 ,6,9
宮,05BAE,宀 ,7,10
宰,05BB0,宀 ,7,10
害,05BB3,宀 ,7,10
宴,05BB4,宀 ,7,10
宵,05BB5,宀 ,7,10
家,05BB6,宀 ,7,10
宸,05BB8,宀 ,7,10
容,05BB9,宀 ,7,10
宼,05BBC,宀 ,7,10
宾,05BBE,宀 ,7,10
宿,05BBF,宀 ,8,11
寀,05BC0,宀 ,8,11
寁,05BC1,宀 ,8,11
寂,05BC2,宀 ,8,11
寃,05BC3,宀 ,8,11
寄,05BC4,宀 ,8,11
寅,05BC5,宀 ,8,11
密,05BC6,宀 ,8,11
寇,05BC7,宀 ,8,11
富,05BCC,宀 ,9,12
寎,05BCE,宀 ,9,12
寐,05BD0,宀 ,9,12
寒,05BD2,宀 ,9,12
寓,05BD3,宀 ,9,12
寔,05BD4,宀 ,9,12
寕,05BD5,宀 ,9,12
寖,05BD6,宀 ,10,13
寗,05BD7,用 ,7,12
寘,05BD8,宀 ,10,13
寜,05BDC,宀 ,10,13
寞,05BDE,宀 ,11,14
察,05BDF,宀 ,11,14
寡,05BE1,宀 ,11,14
寢,05BE2,宀 ,11,14
寤,05BE4,宀 ,11,14
寥,05BE5,宀 ,11,14
實,05BE6,宀 ,11,14
寧,05BE7,宀 ,11,14
寨,05BE8,宀 ,11,14
審,05BE9,宀 ,12,15
寫,05BEB,宀 ,12,15
寬,05BEC,宀 ,12,15
寮,05BEE,宀 ,12,15
寯,05BEF,宀 ,12,15
寰,05BF0,宀 ,13,16
寱,05BF1,宀 ,14,17
寳,05BF3,宀 ,16,19
寵,05BF5,宀 ,16,19
寶,05BF6,宀 ,17,20
寸,05BF8,寸 ,0,3
对,05BF9,寸 ,2,5
寺,05BFA,寸 ,3,6
寿,05BFF,寸 ,4,7
尀,05C00,寸 ,5,8
封,05C01,寸 ,6,9
尃,05C03,寸 ,7,10
射,05C04,寸 ,7,10
尅,05C05,寸 ,7,10
將,05C07,寸 ,8,11
專,05C08,寸 ,8,11
尉,05C09,寸 ,8,11
尊,05C0A,寸 ,9,12
尋,05C0B,寸 ,9,12
尌,05C0C,寸 ,9,12
對,05C0D,寸 ,11,14
導,05C0E,寸 ,13,16
小,05C0F,小 ,0,3
少,05C11,小 ,1,4
尔,05C14,小 ,2,5
尖,05C16,小 ,3,6
尚,05C1A,小 ,5,8
尝,05C1D,厶 ,7,9
尟,05C1F,小 ,10,13
尠,05C20,小 ,10,13
尢,05C22,尢 ,0,3
尤,05C24,尢 ,1,4
尥,05C25,尢 ,3,6
尨,05C28,尢 ,4,7
尩,05C29,尢 ,5,8
尪,05C2A,尢 ,4,7
尬,05C2C,尢 ,4,7
尰,05C30,尢 ,9,12
就,05C31,尢 ,9,12
尲,05C32,尢 ,10,13
尶,05C36,尢 ,14,17
尷,05C37,尢 ,14,17
尸,05C38,尸 ,0,3
尹,05C39,丿 ,3,4
尺,05C3A,尸 ,1,4
尻,05C3B,尸 ,2,5
尼,05C3C,尸 ,2,5
尽,05C3D,尸 ,3,6
尾,05C3E,尸 ,4,7
尿,05C3F,尸 ,4,7
局,05C40,尸 ,4,7
屁,05C41,尸 ,4,7
屄,05C44,尸 ,5,8
居,05C45,尸 ,5,8
屆,05C46,尸 ,5,8
屈,05C48,尸 ,5,8
届,05C4A,尸 ,5,8
屋,05C4B,尸 ,6,9
屌,05C4C,尸 ,6,9
屍,05C4D,尸 ,6,9
屎,05C4E,尸 ,6,9
屏,05C4F,尸 ,6,9
屐,05C50,尸 ,7,10
屑,05C51,尸 ,7,10
展,05C55,尸 ,7,10
屘,05C58,子 ,7,10
屙,05C59,尸 ,8,11
屛,05C5B,尸 ,8,11
屜,05C5C,尸 ,8,11
屝,05C5D,尸 ,8,11
属,05C5E,尸 ,9,12
屠,05C60,尸 ,8,11
屡,05C61,尸 ,9,12
屢,05C62,尸 ,11,14
屣,05C63,尸 ,11,14
層,05C64,尸 ,12,15
履,05C65,尸 ,12,15
屧,05C67,尸 ,12,15
屨,05C68,尸 ,14,17
屩,05C69,尸 ,15,18
屬,05C6C,尸 ,18,21
屭,05C6D,尸 ,21,24
屮,05C6E,屮 ,0,3
屯,05C6F,屮 ,1,4
山,05C71,山 ,0,3
屴,05C74,山 ,2,5
屵,05C75,山 ,2,5
屹,05C79,山 ,3,6
屺,05C7A,山 ,3,6
屼,05C7C,山 ,3,6
岁,05C81,夕 ,3,6
岅,05C85,山 ,4,7
岈,05C88,山 ,4,7
岋,05C8B,山 ,4,7
岌,05C8C,山 ,4,7
岏,05C8F,山 ,4,7
岐,05C90,山 ,4,7
岑,05C91,山 ,4,7
岒,05C92,山 ,4,7
岔,05C94,山 ,4,7
岝,05C9D,山 ,5,8
岡,05CA1,山 ,5,8
岢,05CA2,山 ,5,8
岣,05CA3,山 ,5,8
岧,05CA7,山 ,5,8
岩,05CA9,山 ,5,8
岪,05CAA,山 ,5,8
岫,05CAB,山 ,5,8
岬,05CAC,山 ,5,8
岮,05CAE,山 ,5,8
岱,05CB1,山 ,5,8
岳,05CB3,山 ,5,8
岵,05CB5,山 ,5,8
岷,05CB7,山 ,5,8
岸,05CB8,山 ,5,8
岹,05CB9,山 ,5,8
峅,05CC5,山,5,8
峉,05CC9,山 ,6,9
峋,05CCB,山 ,6,9
峌,05CCC,山 ,6,9
峒,05CD2,山 ,6,9
峙,05CD9,山 ,6,9
峚,05CDA,山 ,6,9
峝,05CDD,山 ,6,9
峠,05CE0,山,6,9
峦,05CE6,山 ,6,9
峨,05CE8,山 ,7,10
峩,05CE9,山 ,7,10
峪,05CEA,山 ,7,10
峭,05CED,山 ,7,10
峯,05CEF,山 ,7,10
峰,05CF0,山 ,7,10
峱,05CF1,山 ,7,10
峴,05CF4,山 ,7,10
島,05CF6,山 ,7,10
峻,05CFB,山 ,7,10
峽,05CFD,山 ,7,10
峿,05CFF,山 ,7,10
崁,05D01,山 ,7,10
崆,05D06,山 ,8,11
崇,05D07,山 ,8,11
崍,05D0D,山 ,8,11
崎,05D0E,山 ,8,11
崐,05D10,山 ,8,11
崑,05D11,山 ,8,11
崒,05D12,山 ,8,11
崓,05D13,山 ,8,11
崔,05D14,山 ,8,11
崖,05D16,山 ,8,11
崗,05D17,山 ,8,11
崘,05D18,山 ,8,11
崙,05D19,山 ,8,11
崚,05D1A,山 ,8,11
崛,05D1B,山 ,8,11
崞,05D1E,山 ,8,11
崟,05D1F,山 ,8,11
崡,05D21,山 ,8,11
崢,05D22,山 ,8,11
崤,05D24,山 ,8,11
崦,05D26,山 ,8,11
崧,05D27,山 ,8,11
崩,05D29,山 ,8,11
崮,05D2E,山 ,8,11
崱,05D31,山 ,9,12
崴,05D34,山 ,9,12
崽,05D3D,山 ,9,12
崿,05D3F,山 ,9,12
嵁,05D41,山 ,9,12
嵂,05D42,山 ,9,12
嵇,05D47,山 ,9,12
嵊,05D4A,山 ,10,13
嵋,05D4B,山 ,9,12
嵌,05D4C,山 ,9,12
嵎,05D4E,山 ,9,12
嵐,05D50,山 ,9,12
嵒,05D52,山 ,9,12
嵞,05D5E,山 ,10,13
嵩,05D69,山 ,10,13
嵫,05D6B,山 ,9,12
嵬,05D6C,山 ,10,13
嵯,05D6F,山 ,10,13
嵲,05D72,山 ,10,13
嵷,05D77,山 ,11,14
嵸,05D78,山 ,11,14
嵽,05D7D,山 ,11,14
嵾,05D7E,山 ,11,14
嶀,05D80,山 ,11,14
嶁,05D81,山 ,11,14
嶂,05D82,山 ,11,14
嶃,05D83,山 ,11,14
嶄,05D84,山 ,11,14
嶇,05D87,山 ,11,14
嶊,05D8A,山 ,11,14
嶍,05D8D,山 ,11,14
嶒,05D92,山 ,12,15
嶓,05D93,山 ,12,15
嶔,05D94,山 ,12,15
嶕,05D95,山 ,12,15
嶗,05D97,山 ,12,15
嶙,05D99,山 ,12,15
嶝,05D9D,山 ,12,15
嶞,05D9E,山 ,12,15
嶟,05D9F,山 ,12,15
嶠,05DA0,山 ,12,15
嶡,05DA1,山 ,12,15
嶢,05DA2,山 ,12,15
嶧,05DA7,山 ,13,16
嶪,05DAA,山 ,13,16
嶮,05DAE,山 ,13,16
嶰,05DB0,山 ,13,16
嶴,05DB4,山 ,13,16
嶷,05DB7,山 ,14,17
嶸,05DB8,山 ,14,17
嶺,05DBA,山 ,14,17
嶼,05DBC,山 ,14,17
嶽,05DBD,山 ,14,17
嶾,05DBE,山 ,14,17
巃,05DC3,山 ,16,19
巇,05DC7,山 ,17,20
巉,05DC9,山 ,17,20
巋,05DCB,山 ,18,21
巍,05DCD,山 ,18,21
巑,05DD1,山 ,19,22
巒,05DD2,山 ,19,22
巔,05DD4,山 ,19,22
巖,05DD6,山 ,20,23
巘,05DD8,山 ,20,23
巛,05DDB,巛 ,0,3
巛,05DDB,巛 ,0,3
巜,05DDC,巛 ,0,2
川,05DDD,巛 ,0,3
州,05DDE,巛 ,3,6
巡,05DE1,辵 ,3,7
巢,05DE2,巛 ,8,11
工,05DE5,工 ,0,3
左,05DE6,工 ,2,5
巧,05DE7,工 ,2,5
巨,05DE8,工 ,2,5
巫,05DEB,工 ,4,7
差,05DEE,工 ,7,10
己,05DF1,己 ,0,3
已,05DF2,己 ,0,3
巳,05DF3,己 ,0,3
巴,05DF4,己 ,1,4
巵,05DF5,己 ,4,7
巷,05DF7,己 ,6,9
巹,05DF9,己 ,6,9
巽,05DFD,己 ,9,12
巾,05DFE,巾 ,0,3
巿,05DFF,巾 ,1,4
帀,05E00,巾 ,1,4
市,05E02,巾 ,2,5
布,05E03,巾 ,2,5
帆,05E06,巾 ,3,6
师,05E08,巾 ,3,6
帊,05E0A,巾 ,4,7
希,05E0C,巾 ,4,7
帑,05E11,巾 ,5,8
帒,05E12,巾 ,5,8
帔,05E14,巾 ,5,8
帕,05E15,巾 ,5,8
帖,05E16,巾 ,5,8
帗,05E17,巾 ,5,8
帘,05E18,巾 ,5,8
帙,05E19,巾 ,5,8
帚,05E1A,巾 ,5,8
帛,05E1B,巾 ,5,8
帝,05E1D,巾 ,6,9
帟,05E1F,巾 ,6,9
帡,05E21,巾 ,6,9
帢,05E22,巾 ,6,9
帣,05E23,巾 ,6,9
帤,05E24,巾 ,6,9
帥,05E25,巾 ,6,9
帨,05E28,巾 ,7,10
帩,05E29,巾 ,7,10
師,05E2B,巾 ,7,10
帬,05E2C,巾 ,7,10
席,05E2D,巾 ,7,10
帮,05E2E,巾 ,7,10
帲,05E32,巾 ,8,11
帳,05E33,巾 ,8,11
帴,05E34,巾 ,8,11
帶,05E36,巾 ,8,11
帷,05E37,巾 ,8,11
常,05E38,巾 ,8,11
帽,05E3D,巾 ,9,12
幀,05E40,巾 ,9,12
幂,05E42,冖 ,10,12
幃,05E43,巾 ,9,12
幄,05E44,巾 ,9,12
幅,05E45,巾 ,9,12
幇,05E47,巾 ,9,12
幋,05E4B,巾 ,10,13
幌,05E4C,巾 ,10,13
幎,05E4E,巾 ,10,13
幐,05E50,巾 ,10,13
幔,05E54,巾 ,11,14
幕,05E55,巾 ,11,14
幗,05E57,巾 ,11,14
幘,05E58,巾 ,11,14
幛,05E5B,巾 ,11,14
幝,05E5D,巾 ,12,15
幞,05E5E,巾 ,3,15
幟,05E5F,巾 ,12,15
幠,05E60,巾 ,12,15
幡,05E61,巾 ,12,15
幢,05E62,巾 ,12,15
幣,05E63,巾 ,11,14
幦,05E66,巾 ,13,16
幨,05E68,巾 ,13,16
幩,05E69,巾 ,12,15
幪,05E6A,巾 ,14,17
幫,05E6B,巾 ,14,17
幬,05E6C,巾 ,14,17
幭,05E6D,巾 ,15,18
幮,05E6E,巾 ,15,18
幰,05E70,巾 ,16,19
干,05E72,干 ,0,3
平,05E73,干 ,2,5
年,05E74,干 ,3,6
幵,05E75,干 ,3,6
并,05E76,干 ,3,6
幷,05E77,干 ,5,8
幸,05E78,干 ,5,8
幹,05E79,干 ,10,13
幺,05E7A,幺 ,0,3
幺,05E7A,幺 ,0,3
幻,05E7B,幺 ,1,4
幼,05E7C,幺 ,2,5
幽,05E7D,幺 ,6,9
幾,05E7E,幺 ,9,12
广,05E7F,广 ,0,3
庀,05E80,广 ,2,5
庂,05E82,广 ,2,5
庄,05E84,广 ,3,6
庅,05E85,广 ,3,6
庇,05E87,广 ,4,7
庉,05E89,广 ,4,7
床,05E8A,广 ,4,7
庋,05E8B,广 ,4,7
庌,05E8C,广 ,4,7
序,05E8F,广 ,4,7
庐,05E90,广 ,4,7
应,05E94,广 ,4,7
底,05E95,广 ,5,8
庖,05E96,广 ,5,8
店,05E97,广 ,5,8
庙,05E99,广 ,5,8
庚,05E9A,广 ,5,8
府,05E9C,广 ,5,8
庠,05EA0,广 ,6,9
庢,05EA2,广 ,6,9
庣,05EA3,广 ,6,9
庤,05EA4,广 ,6,9
庥,05EA5,广 ,6,9
度,05EA6,广 ,6,9
座,05EA7,广 ,7,10
庪,05EAA,广 ,7,10
庫,05EAB,广 ,7,10
庬,05EAC,广 ,7,10
庭,05EAD,广 ,7,10
庮,05EAE,广 ,7,10
庳,05EB3,广 ,8,11
庵,05EB5,广 ,8,11
庶,05EB6,广 ,8,11
康,05EB7,广 ,8,11
庸,05EB8,广 ,8,11
庹,05EB9,广 ,8,11
庻,05EBB,广 ,8,11
庾,05EBE,广 ,8,11
庿,05EBF,广 ,9,12
廁,05EC1,广 ,9,12
廂,05EC2,广 ,9,12
廄,05EC4,广 ,9,12
廈,05EC8,广 ,10,13
廉,05EC9,广 ,10,13
廊,05ECA,广 ,9,12
廋,05ECB,广 ,10,13
廌,05ECC,广 ,10,13
廎,05ECE,广 ,11,14
廏,05ECF,广 ,11,14
廐,05ED0,广 ,11,14
廑,05ED1,广 ,11,14
廒,05ED2,广 ,11,14
廓,05ED3,广 ,11,14
廔,05ED4,广 ,11,14
廕,05ED5,广 ,11,14
廖,05ED6,广 ,11,14
廙,05ED9,广 ,11,14
廚,05EDA,广 ,12,15
廛,05EDB,广 ,12,15
廜,05EDC,广 ,11,14
廝,05EDD,广 ,12,15
廞,05EDE,广 ,12,15
廟,05EDF,广 ,12,15
廠,05EE0,广 ,12,15
廡,05EE1,广 ,12,15
廢,05EE2,广 ,12,15
廣,05EE3,广 ,12,15
廥,05EE5,广 ,13,16
廦,05EE6,广 ,13,16
廧,05EE7,广 ,13,16
廨,05EE8,广 ,13,16
廩,05EE9,广 ,13,16
廬,05EEC,广 ,16,19
廱,05EF1,广 ,18,21
廳,05EF3,广 ,22,25
廴,05EF4,廴 ,0,3
廵,05EF5,廴 ,3,6
延,05EF6,廴 ,5,8
廷,05EF7,廴 ,4,7
廸,05EF8,廴 ,5,8
廹,05EF9,廴 ,5,8
建,05EFA,廴 ,6,9
廻,05EFB,廴 ,6,9
廼,05EFC,辵 ,6,9
廾,05EFE,廾 ,0,3
廾,05EFE,廾 ,0,3
廿,05EFF,廾 ,1,4
开,05F00,干 ,1,4
弁,05F01,廾 ,2,5
弃,05F03,廾 ,4,7
弄,05F04,廾 ,4,7
弅,05F05,廾 ,4,7
弆,05F06,廾 ,5,8
弇,05F07,廾 ,6,9
弈,05F08,廾 ,6,9
弊,05F0A,廾 ,11,14
弋,05F0B,弋 ,0,3
弌,05F0C,戈 ,1,4
弍,05F0D,弋 ,2,5
弎,05F0E,弋 ,3,6
式,05F0F,弋 ,3,6
弒,05F12,弋 ,10,13
弓,05F13,弓 ,0,3
弔,05F14,弓 ,1,4
引,05F15,弓 ,1,4
弗,05F17,弓 ,2,5
弘,05F18,弓 ,2,5
弛,05F1B,弓 ,3,6
弝,05F1D,弓 ,4,7
弟,05F1F,弓 ,4,7
弢,05F22,弓 ,5,8
弣,05F23,弓 ,5,8
弤,05F24,弓 ,5,8
弦,05F26,弓 ,5,8
弧,05F27,弓 ,5,8
弨,05F28,弓 ,5,8
弩,05F29,弓 ,5,8
弭,05F2D,弓 ,6,9
弮,05F2E,弓 ,6,9
弯,05F2F,弓 ,6,9
弰,05F30,弓 ,7,10
弱,05F31,弓 ,7,10
張,05F35,弓 ,8,11
弶,05F36,弓 ,8,11
強,05F37,弓 ,8,11
弸,05F38,弓 ,8,11
弹,05F39,弓 ,8,11
强,05F3A,弓 ,9,12
弻,05F3B,弓 ,9,12
弼,05F3C,弓 ,9,12
彀,05F40,弓 ,10,13
彂,05F42,弓 ,10,13
彃,05F43,弓 ,11,14
彄,05F44,弓 ,11,14
彆,05F46,弓 ,11,14
彈,05F48,弓 ,12,15
彉,05F49,弓 ,12,15
彊,05F4A,弓 ,13,16
彊,05F4A,弓 ,13,16
彋,05F4B,弓 ,13,16
彌,05F4C,弓 ,14,17
彍,05F4D,弓 ,15,18
彎,05F4E,弓 ,19,22
彏,05F4F,弓 ,20,23
彐,05F50,彐 ,0,3
彑,05F51,彐 ,0,3
归,05F52,彐 ,2,5
当,05F53,小 ,3,6
彔,05F54,彐 ,5,8
彖,05F56,彐 ,6,9
彗,05F57,彐 ,8,11
彘,05F58,彐 ,9,12
彙,05F59,彐 ,10,13
彚,05F5A,彐 ,10,13
彛,05F5B,彐 ,13,16
彞,05F5E,彐 ,15,18
彠,05F60,彐 ,23,26
彡,05F61,彡 ,0,3
形,05F62,彡 ,4,7
彤,05F64,彡 ,4,7
彥,05F65,彡 ,6,9
彦,05F66,彡 ,6,9
彧,05F67,彡 ,7,10
彩,05F69,彡 ,8,11
彪,05F6A,虍 ,5,11
彫,05F6B,彡 ,8,11
彬,05F6C,彡 ,8,11
彭,05F6D,彡 ,9,12
彯,05F6F,彡 ,11,14
彰,05F70,彡 ,11,14
影,05F71,彡 ,12,15
彳,05F73,彳 ,0,3
彴,05F74,彳 ,3,6
彷,05F77,彳 ,4,7
役,05F79,彳 ,4,7
彼,05F7C,彳 ,5,8
彿,05F7F,彳 ,5,8
往,05F80,彳 ,5,8
征,05F81,彳 ,5,8
徂,05F82,彳 ,5,8
徃,05F83,彳 ,5,8
待,05F85,彳 ,6,9
徇,05F87,彳 ,6,9
很,05F88,彳 ,6,9
徉,05F89,彳 ,6,9
徊,05F8A,彳 ,6,9
律,05F8B,彳 ,6,9
後,05F8C,彳 ,6,9
徐,05F90,彳 ,7,10
徑,05F91,彳 ,7,10
徒,05F92,彳 ,7,10
従,05F93,彳 ,7,10
得,05F97,彳 ,8,11
徘,05F98,彳 ,8,11
徙,05F99,彳 ,8,11
徛,05F9B,彳 ,8,11
徜,05F9C,彳 ,8,11
從,05F9E,彳 ,8,11
徠,05FA0,彳 ,8,11
御,05FA1,彳 ,8,11
徥,05FA5,彳 ,9,12
徧,05FA7,彳 ,9,12
徨,05FA8,彳 ,9,12
復,05FA9,彳 ,9,12
循,05FAA,彳 ,9,12
徬,05FAC,彳 ,10,13
徭,05FAD,彳 ,10,13
微,05FAE,彳 ,10,13
徯,05FAF,彳 ,10,13
徵,05FB5,彳 ,12,15
德,05FB7,彳 ,12,15
徹,05FB9,彳 ,11,14
徼,05FBC,彳 ,13,16
徽,05FBD,彳 ,14,17
心,05FC3,心 ,0,4
必,05FC5,心 ,1,5
忉,05FC9,心 ,2,5
忌,05FCC,心 ,3,7
忍,05FCD,心 ,3,7
忐,05FD0,心 ,3,7
忑,05FD1,心 ,3,7
忒,05FD2,心 ,3,7
忕,05FD5,心 ,3,6
忖,05FD6,心 ,3,6
志,05FD7,心 ,3,7
忘,05FD8,心 ,3,7
忙,05FD9,心 ,3,6
忝,05FDD,心 ,4,8
忞,05FDE,心 ,4,8
忠,05FE0,心 ,4,8
忡,05FE1,心 ,4,7
忣,05FE3,心 ,4,7
忤,05FE4,心 ,4,7
忨,05FE8,心 ,4,7
忩,05FE9,心 ,4,8
忪,05FEA,心 ,4,7
快,05FEB,心 ,4,7
忭,05FED,心 ,4,7
忮,05FEE,心 ,4,7
忱,05FF1,心 ,4,7
忲,05FF2,心 ,4,7
忳,05FF3,心 ,4,7
念,05FF5,心 ,4,8
忷,05FF7,心 ,4,7
忸,05FF8,心 ,4,7
忺,05FFA,心 ,4,7
忻,05FFB,心 ,4,7
忼,05FFC,心 ,4,7
忽,05FFD,心 ,4,8
忿,05FFF,心 ,4,8
怀,06000,心 ,4,7
怊,0600A,心 ,5,8
怍,0600D,心 ,5,8
怎,0600E,心 ,5,9
怏,0600F,心 ,5,8
怐,06010,心 ,5,8
怒,06012,心 ,5,9
怓,06013,心 ,5,8
怔,06014,心 ,5,8
怕,06015,心 ,5,8
怖,06016,心 ,5,8
怗,06017,心 ,5,8
怙,06019,心 ,5,8
怚,0601A,心 ,5,8
怛,0601B,心 ,5,8
怜,0601C,心 ,5,8
思,0601D,心 ,5,9
怠,06020,心 ,5,9
怡,06021,心 ,5,8
怢,06022,心 ,5,8
急,06025,心 ,5,9
怦,06026,心 ,5,8
性,06027,心 ,5,8
怨,06028,心 ,5,9
怩,06029,心 ,5,8
怪,0602A,心 ,5,8
怫,0602B,心 ,5,8
怬,0602C,心 ,5,8
怭,0602D,心 ,5,8
怮,0602E,心 ,5,8
怯,0602F,心 ,5,8
怱,06031,心 ,5,9
怲,06032,心 ,5,8
怵,06035,心 ,5,8
怹,06039,心 ,5,9
怺,0603A,心 ,5,8
恁,06041,心 ,6,10
恂,06042,心 ,6,9
恃,06043,心 ,6,9
恆,06046,心 ,6,9
恇,06047,心 ,6,9
恉,06049,心 ,6,9
恋,0604B,心 ,6,10
恌,0604C,心 ,6,9
恍,0604D,心 ,6,9
恐,06050,心 ,6,10
恑,06051,心 ,6,9
恒,06052,心 ,6,9
恓,06053,心 ,6,9
恔,06054,心 ,6,9
恕,06055,心 ,6,10
恙,06059,心 ,6,10
恚,0605A,心 ,6,10
恝,0605D,心 ,6,10
恟,0605F,心 ,6,9
恠,06060,心 ,6,9
恢,06062,心 ,6,9
恣,06063,心 ,6,10
恤,06064,心 ,6,9
恥,06065,心 ,6,10
恧,06067,心 ,6,10
恨,06068,心 ,6,9
恩,06069,心 ,6,10
恪,0606A,心 ,6,9
恫,0606B,心 ,6,9
恬,0606C,心 ,6,9
恭,0606D,心 ,6,10
息,0606F,心 ,6,10
恰,06070,心 ,6,9
恲,06072,心 ,6,9
恼,0607C,心 ,6,9
恿,0607F,心 ,7,11
悁,06081,心 ,7,10
悃,06083,心 ,7,10
悄,06084,心 ,7,10
悅,06085,心 ,7,10
悇,06087,心 ,7,10
悉,06089,心 ,7,11
悌,0608C,心 ,7,10
悍,0608D,心 ,7,10
悒,06092,心 ,7,10
悔,06094,心 ,7,10
悕,06095,心 ,7,10
悖,06096,心 ,7,10
悗,06097,心 ,7,10
悚,0609A,心 ,7,10
悛,0609B,心 ,7,10
悝,0609D,心 ,7,10
悞,0609E,心 ,7,10
悟,0609F,心 ,7,10
悠,060A0,心 ,7,11
悢,060A2,心 ,7,10
患,060A3,心 ,7,11
悤,060A4,心 ,7,11
您,060A8,心 ,7,11
悪,060AA,心 ,7,11
悰,060B0,心 ,8,11
悱,060B1,心 ,8,11
悲,060B2,心 ,8,12
悴,060B4,心 ,8,11
悵,060B5,心 ,8,11
悶,060B6,心 ,8,12
悷,060B7,心 ,8,11
悸,060B8,心 ,8,11
悻,060BB,心 ,8,11
悼,060BC,心 ,8,11
悽,060BD,心 ,8,11
悾,060BE,心 ,8,11
惄,060C4,心 ,8,12
情,060C5,心 ,8,11
惆,060C6,心 ,8,11
惇,060C7,心 ,8,11
惋,060CB,心 ,8,11
惌,060CC,心 ,8,12
惎,060CE,心 ,8,12
惏,060CF,心 ,8,11
惑,060D1,心 ,8,12
惓,060D3,心 ,8,11
惔,060D4,心 ,8,11
惕,060D5,心 ,8,11
惖,060D6,心 ,8,12
惘,060D8,心 ,8,11
惙,060D9,心 ,8,11
惚,060DA,心 ,8,11
惛,060DB,心 ,8,11
惜,060DC,心 ,8,11
惝,060DD,心 ,8,11
惟,060DF,心 ,8,11
惠,060E0,心 ,8,12
惡,060E1,心 ,8,12
惢,060E2,心 ,8,12
惦,060E6,心 ,8,11
惧,060E7,心 ,8,11
惩,060E9,心 ,8,12
惪,060EA,心 ,8,12
惰,060F0,心 ,9,12
惱,060F1,心 ,9,12
惲,060F2,心 ,9,12
想,060F3,心 ,9,13
惴,060F4,心 ,9,12
惵,060F5,心 ,9,12
惶,060F6,心 ,9,12
惸,060F8,心 ,9,12
惹,060F9,心 ,9,13
惺,060FA,心 ,9,12
惻,060FB,心 ,9,12
惼,060FC,心 ,9,12
惽,060FD,心 ,9,12
惾,060FE,心 ,9,12
愀,06100,心 ,9,12
愁,06101,心 ,9,13
愆,06106,心 ,9,13
愈,06108,心 ,9,13
愉,06109,心 ,9,12
愊,0610A,心 ,9,12
愍,0610D,心 ,9,13
愎,0610E,心 ,9,12
意,0610F,心 ,9,13
愐,06110,心 ,9,12
愒,06112,心 ,9,12
愓,06113,心 ,9,12
愔,06114,心 ,9,12
愕,06115,心 ,9,12
愖,06116,心 ,9,12
愙,06119,心 ,9,13
愚,0611A,心 ,9,13
愛,0611B,心 ,9,13
愜,0611C,心 ,9,12
愞,0611E,心 ,9,12
感,0611F,心 ,9,13
愠,06120,心 ,9,12
愡,06121,心 ,9,12
愣,06123,心 ,9,12
愧,06127,心 ,10,13
愨,06128,心 ,10,14
愫,0612B,心 ,10,13
愬,0612C,心 ,10,14
愮,0612E,心 ,10,13
愯,0612F,心 ,10,13
愴,06134,心 ,10,13
愷,06137,心 ,10,13
愼,0613C,心 ,10,13
愾,0613E,心 ,10,13
愿,0613F,心 ,10,14
慁,06141,心 ,10,14
慄,06144,心 ,10,13
慅,06145,心 ,10,13
慆,06146,心 ,10,13
慇,06147,心 ,10,14
慈,06148,心 ,9,13
慉,06149,心 ,10,13
慊,0614A,心 ,10,13
態,0614B,心 ,10,14
慌,0614C,心 ,10,13
慍,0614D,心 ,10,13
慎,0614E,心 ,10,13
慓,06153,心 ,11,14
慕,06155,心 ,11,15
慘,06158,心 ,11,14
慙,06159,心 ,11,15
慚,0615A,心 ,11,14
慝,0615D,心 ,11,15
慞,0615E,心 ,11,14
慟,0615F,心 ,11,14
慠,06160,心 ,11,14
慢,06162,心 ,11,14
慣,06163,心 ,11,14
慥,06165,心 ,11,14
慧,06167,心 ,11,15
慨,06168,心 ,9,12
慫,0616B,心 ,11,15
慬,0616C,心 ,11,14
慮,0616E,心 ,11,15
慰,06170,心 ,11,15
慱,06171,心 ,11,14
慲,06172,心 ,11,14
慳,06173,心 ,11,14
慴,06174,心 ,11,14
慵,06175,心 ,11,14
慶,06176,心 ,11,15
慷,06177,心 ,11,14
慺,0617A,心 ,11,14
慼,0617C,心 ,11,15
慽,0617D,心 ,11,14
慾,0617E,心 ,11,15
憀,06180,心 ,11,14
憁,06181,心 ,11,14
憂,06182,心 ,11,15
憃,06183,心 ,11,15
憇,06187,心 ,11,15
憊,0618A,心 ,12,16
憋,0618B,心 ,11,15
憍,0618D,心 ,12,15
憎,0618E,心 ,12,15
憐,06190,心 ,12,15
憑,06191,心 ,12,16
憒,06192,心 ,12,15
憔,06194,心 ,12,15
憖,06196,心 ,12,16
憗,06197,心 ,12,16
憙,06199,心 ,12,16
憚,0619A,心 ,12,15
憛,0619B,心 ,12,15
憝,0619D,心 ,12,16
憟,0619F,心 ,12,15
憤,061A4,心 ,12,15
憧,061A7,心 ,12,15
憨,061A8,心 ,12,16
憩,061A9,心 ,12,16
憪,061AA,心 ,12,15
憫,061AB,心 ,12,15
憬,061AC,心 ,12,15
憮,061AE,心 ,12,15
憯,061AF,心 ,12,15
憱,061B1,心 ,12,15
憲,061B2,心 ,12,16
憶,061B6,心 ,13,16
憸,061B8,心 ,13,16
憹,061B9,心 ,13,16
憺,061BA,心 ,13,16
憾,061BE,心 ,13,16
懁,061C1,心 ,13,16
懂,061C2,心 ,13,16
懃,061C3,心 ,13,17
懅,061C5,心 ,13,16
懆,061C6,心 ,13,16
懇,061C7,心 ,13,17
懈,061C8,心 ,13,16
應,061C9,心 ,13,17
懊,061CA,心 ,13,16
懋,061CB,心 ,13,17
懌,061CC,心 ,13,16
懍,061CD,心 ,13,16
懕,061D5,心 ,14,18
懘,061D8,心 ,14,18
懜,061DC,心 ,14,17
懞,061DE,心 ,14,17
懞,061DE,心 ,14,17
懟,061DF,心 ,14,18
懠,061E0,心 ,14,17
懣,061E3,心 ,14,18
懤,061E4,心 ,14,17
懥,061E5,心 ,14,17
懦,061E6,心 ,14,17
懨,061E8,心 ,14,17
懪,061EA,心 ,15,18
懫,061EB,心 ,15,18
懭,061ED,心 ,15,18
懮,061EE,心 ,15,18
懰,061F0,心 ,15,18
懲,061F2,心 ,15,19
懵,061F5,心 ,16,19
懶,061F6,心 ,16,19
懷,061F7,心 ,16,19
懸,061F8,心 ,16,20
懹,061F9,心 ,17,20
懺,061FA,心 ,17,20
懻,061FB,心 ,16,19
懼,061FC,心 ,18,21
懽,061FD,心 ,18,21
懾,061FE,心 ,18,21
懿,061FF,心 ,18,22
戀,06200,心 ,19,23
戁,06201,心 ,19,23
戃,06203,心 ,20,23
戄,06204,心 ,20,23
戅,06205,心 ,21,25
戇,06207,心 ,24,28
戈,06208,戈 ,0,4
戉,06209,戈 ,1,5
戊,0620A,戈 ,1,5
戌,0620C,戈 ,2,6
戍,0620D,戈 ,2,6
戎,0620E,戈 ,2,6
戏,0620F,戈 ,2,6
成,06210,戈 ,2,6
我,06211,戈 ,3,7
戒,06212,戈 ,3,7
戔,06214,戈 ,4,8
戕,06215,戈 ,4,8
或,06216,戈 ,4,8
战,06218,戈 ,5,9
戚,0621A,戈 ,7,11
戛,0621B,戈 ,7,11
戞,0621E,戈 ,8,12
戟,0621F,戈 ,8,12
戡,06221,戈 ,9,13
戢,06222,戈 ,9,13
戣,06223,戈 ,9,13
戤,06224,戈 ,9,13
戥,06225,戈 ,9,13
戧,06227,戈 ,10,14
戩,06229,戈 ,10,14
截,0622A,戈 ,10,14
戭,0622D,戈 ,11,15
戮,0622E,戈 ,11,15
戰,06230,戈 ,12,16
戱,06231,戈 ,12,16
戲,06232,戈 ,13,17
戳,06233,戈 ,14,18
戴,06234,戈 ,13,17
戶,06236,戶 ,0,4
户,06237,戶 ,0,4
戹,06239,戶 ,1,5
戼,0623C,戶 ,3,7
戽,0623D,戶 ,4,8
戾,0623E,戶 ,4,8
所,06240,戶 ,4,8
扁,06241,戶 ,5,9
扂,06242,戶 ,5,9
扃,06243,戶 ,5,9
扅,06245,戶 ,6,10
扆,06246,戶 ,6,10
扇,06247,戶 ,6,10
扈,06248,戶 ,7,11
扉,06249,戶 ,8,12
扊,0624A,戶 ,8,12
手,0624B,手 ,0,4
才,0624D,手 ,0,3
扎,0624E,手 ,1,4
扐,06250,手 ,2,5
扑,06251,手 ,2,5
扒,06252,手 ,2,5
打,06253,手 ,2,5
扔,06254,手 ,2,5
托,06258,手 ,3,6
扛,0625B,手 ,3,6
扞,0625E,手 ,3,6
扠,06260,手 ,3,6
扢,06262,手 ,3,6
扣,06263,手 ,3,6
扤,06264,手 ,3,6
扦,06266,手 ,3,6
执,06267,手 ,3,6
扨,06268,手 ,3,6
扭,0626D,手 ,4,7
扮,0626E,手 ,4,7
扯,0626F,手 ,4,7
扱,06271,手 ,4,7
扳,06273,手 ,4,7
扵,06275,手 ,4,7
扶,06276,手 ,4,7
批,06279,手 ,4,7
扺,0627A,手 ,4,7
扼,0627C,手 ,4,7
找,0627E,手 ,4,7
承,0627F,手 ,4,8
技,06280,手 ,4,7
抃,06283,手 ,4,7
抄,06284,手 ,4,7
抆,06286,手 ,4,7
抇,06287,手 ,4,7
抉,06289,手 ,4,7
把,0628A,手 ,4,7
抌,0628C,手 ,4,7
抏,0628F,手 ,4,7
抑,06291,手 ,4,7
抒,06292,手 ,4,7
抓,06293,手 ,4,7
抔,06294,手 ,4,7
投,06295,手 ,4,7
抖,06296,手 ,4,7
抗,06297,手 ,4,7
折,06298,手 ,4,7
抛,0629B,手 ,4,7
抝,0629D,手 ,4,7
报,062A5,手 ,4,7
抨,062A8,手 ,5,8
披,062AB,手 ,5,8
抬,062AC,手 ,5,8
抱,062B1,手 ,5,8
抴,062B4,手 ,5,8
抵,062B5,手 ,5,8
抶,062B6,手 ,5,8
抹,062B9,手 ,5,8
抻,062BB,手 ,5,8
押,062BC,手 ,5,8
抽,062BD,手 ,5,8
抿,062BF,手 ,5,8
拂,062C2,手 ,5,8
拄,062C4,手 ,5,8
担,062C5,手 ,5,8
拆,062C6,手 ,5,8
拇,062C7,手 ,5,8
拈,062C8,手 ,5,8
拉,062C9,手 ,5,8
拊,062CA,手 ,5,8
拋,062CB,手 ,5,8
拌,062CC,手 ,5,8
拍,062CD,手 ,5,8
拎,062CE,手 ,5,8
拏,062CF,手 ,5,9
拐,062D0,手 ,5,8
拑,062D1,手 ,5,8
拒,062D2,手 ,5,8
拓,062D3,手 ,5,8
拔,062D4,手 ,5,8
拖,062D6,手 ,5,8
拗,062D7,手 ,5,8
拘,062D8,手 ,5,8
拙,062D9,手 ,5,8
拚,062DA,手 ,5,8
招,062DB,手 ,5,8
拜,062DC,手 ,5,9
拫,062EB,手 ,6,9
括,062EC,手 ,6,9
拭,062ED,手 ,6,9
拮,062EE,手 ,6,9
拯,062EF,手 ,6,9
拱,062F1,手 ,6,9
拲,062F2,手 ,6,10
拳,062F3,手 ,6,10
拴,062F4,手 ,6,9
拶,062F6,手 ,6,9
拷,062F7,手 ,6,9
拼,062FC,手 ,6,9
拽,062FD,手 ,6,9
拾,062FE,手 ,6,9
拿,062FF,手 ,6,10
持,06301,手 ,6,9
挂,06302,手 ,6,9
挂,06302,手 ,6,9
挃,06303,手 ,6,9
指,06307,手 ,6,9
挈,06308,手 ,6,10
按,06309,手 ,6,9
挋,0630B,手 ,6,9
挌,0630C,手 ,6,9
挐,06310,手 ,6,10
挐,06310,手 ,6,10
挑,06311,手 ,6,9
挓,06313,手 ,6,9
挖,06316,手 ,6,9
挘,06318,手 ,6,9
挛,0631B,手 ,6,10
挟,0631F,手 ,6,9
挡,06321,手 ,6,9
挨,06328,手 ,7,10
挪,0632A,手 ,7,10
挫,0632B,手 ,7,10
挬,0632C,手 ,7,10
振,0632F,手 ,7,10
挱,06331,手 ,7,10
挲,06332,手 ,7,11
挴,06334,手 ,7,10
挶,06336,手 ,7,10
挹,06339,手 ,7,10
挺,0633A,手 ,7,10
挼,0633C,手 ,7,10
挽,0633D,手 ,7,10
挾,0633E,手 ,7,10
捂,06342,手 ,7,10
捃,06343,手 ,7,10
捄,06344,手 ,7,10
捅,06345,手 ,7,10
捆,06346,手 ,7,10
捉,06349,手 ,7,10
捊,0634A,手 ,7,10
捋,0634B,手 ,7,10
捌,0634C,手 ,7,10
捍,0634D,手 ,7,10
捎,0634E,手 ,7,10
捏,0634F,手 ,7,10
捐,06350,手 ,7,10
捔,06354,手 ,7,10
捕,06355,手 ,7,10
捘,06358,手 ,7,10
捧,06367,手 ,8,11
捨,06368,手 ,8,11
捩,06369,手 ,8,11
捫,0636B,手 ,8,11
捭,0636D,手 ,8,11
据,0636E,手 ,8,11
据,0636E,手 ,8,11
捯,0636F,手 ,8,11
捱,06371,手 ,8,11
捲,06372,手 ,8,11
捴,06374,手 ,8,11
捵,06375,手 ,8,11
捶,06376,手 ,9,12
捷,06377,手 ,8,11
捺,0637A,手 ,8,11
捻,0637B,手 ,8,11
捽,0637D,手 ,8,11
掀,06380,手 ,8,11
掁,06381,手 ,8,11
掂,06382,手 ,8,11
掃,06383,手 ,8,11
掄,06384,手 ,8,11
掆,06386,手 ,8,11
掇,06387,手 ,8,11
授,06388,手 ,8,11
掉,06389,手 ,8,11
掊,0638A,手 ,8,11
掌,0638C,手 ,8,12
掎,0638E,手 ,8,11
掏,0638F,手 ,8,11
掐,06390,手 ,8,11
排,06392,手 ,8,11
掔,06394,手 ,8,12
掖,06396,手 ,8,11
掗,06397,手 ,8,11
掘,06398,手 ,8,11
掙,06399,手 ,8,11
掛,0639B,手 ,8,11
掞,0639E,手 ,8,11
掠,063A0,手 ,8,11
採,063A1,手 ,8,11
探,063A2,手 ,8,11
掣,063A3,手 ,8,12
掤,063A4,手 ,8,11
接,063A5,手 ,8,11
控,063A7,手 ,8,11
推,063A8,手 ,8,11
掩,063A9,手 ,8,11
措,063AA,手 ,8,11
掫,063AB,手 ,8,11
掬,063AC,手 ,8,11
掭,063AD,手 ,8,11
掮,063AE,手 ,8,11
掯,063AF,手 ,8,11
掰,063B0,手 ,8,12
掱,063B1,手 ,8,12
掷,063B7,手 ,9,12
掾,063BE,手 ,9,12
掿,063BF,手 ,9,12
揀,063C0,手 ,9,12
揃,063C3,手 ,9,12
揄,063C4,手 ,9,12
揅,063C5,手 ,9,13
揆,063C6,手 ,9,12
揉,063C9,手 ,9,12
揊,063CA,手 ,9,12
揍,063CD,手 ,9,12
揎,063CE,手 ,9,12
描,063CF,手 ,9,12
提,063D0,手 ,9,12
揑,063D1,手 ,9,12
插,063D2,手 ,9,12
揔,063D4,手 ,9,12
揕,063D5,手 ,9,12
揖,063D6,手 ,9,12
揚,063DA,手 ,9,12
換,063DB,手 ,9,12
揜,063DC,手 ,9,12
揞,063DE,手 ,9,12
揟,063DF,手 ,9,12
揠,063E0,手 ,9,12
握,063E1,手 ,9,12
揢,063E2,手 ,9,12
揣,063E3,手 ,9,12
揩,063E9,手 ,9,12
揪,063EA,手 ,9,12
揫,063EB,手 ,9,13
揭,063ED,手 ,9,12
揮,063EE,手 ,9,12
揱,063F1,手 ,9,13
揲,063F2,手 ,9,12
揳,063F3,手 ,9,12
援,063F4,手 ,9,12
揵,063F5,手 ,9,12
揶,063F6,手 ,9,12
揷,063F7,手 ,9,12
揸,063F8,手 ,9,12
揹,063F9,手 ,9,12
搆,06406,手 ,10,13
搉,06409,手 ,10,13
搊,0640A,手 ,10,13
搋,0640B,手 ,10,13
搌,0640C,手 ,10,13
損,0640D,手 ,10,13
搎,0640E,手 ,10,13
搏,0640F,手 ,10,13
搐,06410,手 ,10,13
搓,06413,手 ,10,13
搔,06414,手 ,10,13
搕,06415,手 ,10,13
搖,06416,手 ,10,13
搗,06417,手 ,10,13
搘,06418,手 ,10,13
搛,0641B,手 ,10,13
搜,0641C,手 ,10,13
搞,0641E,手 ,10,13
搠,06420,手 ,10,13
搡,06421,手 ,10,13
搢,06422,手 ,10,13
搤,06424,手 ,10,13
搥,06425,手 ,10,13
搦,06426,手 ,10,13
搧,06427,手 ,10,13
搨,06428,手 ,10,13
搪,0642A,手 ,10,13
搫,0642B,手 ,10,14
搬,0642C,手 ,10,13
搭,0642D,手 ,10,13
搯,0642F,手 ,10,13
搰,06430,手 ,10,13
搳,06433,手 ,10,13
搴,06434,手 ,10,14
搵,06435,手 ,10,13
搶,06436,手 ,10,13
搷,06437,手 ,10,13
携,0643A,手 ,10,13
搽,0643D,手 ,10,13
搾,0643E,手 ,10,13
搿,0643F,手 ,10,14
摀,06440,手 ,10,13
摁,06441,手 ,10,13
摆,06446,手 ,10,13
摈,06448,手 ,10,13
摊,0644A,手 ,10,13
摋,0644B,手 ,11,14
摎,0644E,手 ,11,14
摐,06450,手 ,11,14
摑,06451,手 ,11,14
摒,06452,手 ,9,12
摓,06453,手 ,11,14
摔,06454,手 ,11,14
摘,06458,手 ,11,14
摛,0645B,手 ,11,14
摜,0645C,手 ,11,14
摝,0645D,手 ,11,14
摟,0645F,手 ,11,14
摠,06460,手 ,11,14
摣,06463,手 ,11,14
摦,06466,手 ,11,14
摧,06467,手 ,11,14
摩,06469,手 ,11,15
摭,0646D,手 ,11,14
摯,0646F,手 ,11,15
摰,06470,手 ,11,15
摲,06472,手 ,11,14
摳,06473,手 ,11,14
摴,06474,手 ,11,14
摵,06475,手 ,11,14
摶,06476,手 ,11,14
摸,06478,手 ,11,14
摹,06479,手 ,11,15
摺,0647A,手 ,11,14
摻,0647B,手 ,11,14
摽,0647D,手 ,11,14
撂,06482,手 ,11,14
撅,06485,手 ,12,15
撆,06486,手 ,11,15
撇,06487,手 ,11,14
撈,06488,手 ,12,15
撋,0648B,手 ,12,15
撏,0648F,手 ,12,15
撐,06490,手 ,12,15
撑,06491,手 ,12,15
撒,06492,手 ,12,15
撓,06493,手 ,12,15
撕,06495,手 ,12,15
撖,06496,手 ,12,15
撙,06499,手 ,12,15
撚,0649A,手 ,12,15
撜,0649C,手 ,12,15
撝,0649D,手 ,9,12
撞,0649E,手 ,12,15
撟,0649F,手 ,12,15
撢,064A2,手 ,12,15
撣,064A3,手 ,12,15
撤,064A4,手 ,11,14
撥,064A5,手 ,12,15
撦,064A6,手 ,11,14
撧,064A7,手 ,12,15
撩,064A9,手 ,12,15
撫,064AB,手 ,12,15
撬,064AC,手 ,12,15
播,064AD,手 ,12,15
撮,064AE,手 ,12,15
撰,064B0,手 ,12,15
撲,064B2,手 ,12,15
撳,064B3,手 ,12,15
撻,064BB,手 ,13,16
撼,064BC,手 ,13,16
撽,064BD,手 ,13,16
撾,064BE,手 ,13,16
撿,064BF,手 ,13,16
擀,064C0,手 ,13,16
擁,064C1,手 ,13,16
擂,064C2,手 ,13,16
擄,064C4,手 ,13,16
擅,064C5,手 ,13,16
擇,064C7,手 ,13,16
擉,064C9,手 ,13,16
擊,064CA,手 ,13,17
擋,064CB,手 ,13,16
操,064CD,手 ,13,16
擎,064CE,手 ,13,17
擐,064D0,手 ,13,16
擒,064D2,手 ,13,16
擔,064D4,手 ,13,16
擕,064D5,手 ,12,15
擗,064D7,手 ,13,16
擘,064D8,手 ,13,17
據,064DA,手 ,13,16
擠,064E0,手 ,14,17
擡,064E1,手 ,14,17
擢,064E2,手 ,14,17
擣,064E3,手 ,14,17
擤,064E4,手 ,14,17
擦,064E6,手 ,14,17
擧,064E7,手 ,14,18
擨,064E8,手 ,14,17
擩,064E9,手 ,14,17
擪,064EA,手 ,14,18
擫,064EB,手 ,14,17
擬,064EC,手 ,14,17
擭,064ED,手 ,14,17
擯,064EF,手 ,14,17
擰,064F0,手 ,14,17
擱,064F1,手 ,14,17
擲,064F2,手 ,15,18
擴,064F4,手 ,15,18
擷,064F7,手 ,15,18
擺,064FA,手 ,15,18
擻,064FB,手 ,15,18
擾,064FE,手 ,15,18
擿,064FF,手 ,15,18
攀,06500,手 ,15,19
攂,06502,手 ,15,18
攄,06504,手 ,15,18
攆,06506,手 ,15,18
攈,06508,手 ,16,19
攉,06509,手 ,16,19
攏,0650F,手 ,16,19
攔,06514,手 ,17,20
攕,06515,手 ,17,20
攖,06516,手 ,17,20
攘,06518,手 ,17,20
攙,06519,手 ,17,20
攛,0651B,手 ,18,21
攜,0651C,手 ,18,21
攝,0651D,手 ,18,21
攞,0651E,手 ,19,22
攟,0651F,手 ,19,22
攠,06520,手 ,19,22
攢,06522,手 ,19,22
攣,06523,手 ,19,23
攤,06524,手 ,19,22
攥,06525,手 ,20,23
攦,06526,手 ,19,22
攧,06527,手 ,19,22
攩,06529,手 ,20,23
攪,0652A,手 ,20,23
攫,0652B,手 ,20,23
攬,0652C,手 ,21,24
攭,0652D,手 ,21,24
攮,0652E,手 ,22,25
支,0652F,支 ,0,4
攲,06532,支 ,8,12
攴,06534,攴 ,0,4
攵,06535,攴 ,0,4
攵,06535,攴 ,0,4
收,06536,攴 ,2,6
攷,06537,攴 ,2,6
攸,06538,攴 ,3,7
改,06539,攴 ,3,7
攻,0653B,攴 ,3,7
放,0653E,攴 ,4,8
政,0653F,攴 ,5,9
敁,06541,攴 ,5,9
故,06545,攴 ,5,9
效,06548,攴 ,6,10
敉,06549,攴 ,6,10
敍,0654D,手 ,7,11
敎,0654E,攴 ,7,11
敏,0654F,攴 ,7,11
救,06551,攴 ,7,11
敓,06553,攴 ,7,11
敔,06554,攴 ,7,11
敕,06555,攴 ,7,11
敖,06556,攴 ,7,11
敗,06557,攴 ,7,11
敘,06558,攴 ,7,11
教,06559,攴 ,7,11
敜,0655C,攴 ,8,12
敝,0655D,攴 ,7,11
敞,0655E,攴 ,8,12
敢,06562,攴 ,8,12
散,06563,攴 ,8,12
敦,06566,攴 ,8,12
敪,0656A,攴 ,8,12
敫,0656B,攴 ,9,13
敬,0656C,攴 ,9,13
数,06570,攴 ,9,13
敲,06572,攴 ,10,14
敳,06573,攴 ,10,14
整,06574,攴 ,12,16
敵,06575,攴 ,11,15
敶,06576,攴 ,11,15
敷,06577,攴 ,11,15
數,06578,攴 ,11,15
敹,06579,攴 ,11,15
敺,0657A,攴 ,11,15
敻,0657B,攴 ,11,15
斀,06580,攴 ,13,17
斁,06581,攴 ,13,17
斂,06582,攴 ,13,17
斃,06583,攴 ,13,17
斄,06584,攴 ,15,19
斅,06585,攴 ,16,20
斅,06585,攴 ,16,20
文,06587,文 ,0,4
斈,06588,子 ,4,7
斉,06589,文 ,4,8
斋,0658B,文 ,6,10
斌,0658C,文 ,8,12
斍,0658D,見 ,4,11
斐,06590,文 ,8,12
斑,06591,文 ,8,12
斒,06592,文 ,9,13
斕,06595,文 ,17,21
斖,06596,文 ,19,23
斗,06597,斗 ,0,4
料,06599,斗 ,6,10
斚,0659A,斗 ,6,10
斛,0659B,斗 ,7,11
斜,0659C,斗 ,7,11
斝,0659D,斗 ,8,12
斟,0659F,斗 ,9,13
斠,065A0,斗 ,10,14
斡,065A1,斗 ,10,14
斤,065A4,斤 ,0,4
斥,065A5,斤 ,1,5
斧,065A7,斤 ,4,8
斨,065A8,斤 ,4,8
斫,065AB,斤 ,5,9
斬,065AC,斤 ,7,11
断,065AD,斤 ,7,11
斮,065AE,斤 ,8,12
斯,065AF,斤 ,8,12
新,065B0,斤 ,9,13
斲,065B2,斤 ,11,15
斵,065B5,斤 ,13,17
斶,065B6,斤 ,13,17
斷,065B7,斤 ,14,18
斸,065B8,斤 ,21,25
方,065B9,方 ,0,4
於,065BC,方 ,4,8
施,065BD,方 ,5,9
斾,065BE,方 ,5,9
斿,065BF,方 ,5,9
旁,065C1,方 ,6,10
旂,065C2,方 ,6,10
旃,065C3,方 ,6,10
旄,065C4,方 ,6,10
旅,065C5,方 ,6,10
旆,065C6,方 ,6,10
旊,065CA,方 ,7,11
旋,065CB,方 ,7,11
旌,065CC,方 ,7,11
旍,065CD,方 ,7,11
旎,065CE,方 ,7,11
族,065CF,方 ,7,11
旐,065D0,方 ,8,12
旒,065D2,方 ,8,12
旓,065D3,方 ,9,13
旖,065D6,方 ,10,14
旗,065D7,方 ,10,14
旛,065DB,方 ,14,18
旜,065DC,方 ,15,19
旝,065DD,方 ,15,19
旞,065DE,方 ,15,19
旟,065DF,方 ,16,20
无,065E0,无 ,0,4
无,065E0,无 ,0,4
旡,065E1,无 ,0,4
既,065E2,无 ,5,9
旣,065E3,无 ,7,11
旤,065E4,无 ,9,13
日,065E5,日 ,0,4
旦,065E6,日 ,1,5
旨,065E8,日 ,2,6
早,065E9,日 ,2,6
旬,065EC,日 ,2,6
旭,065ED,日 ,2,6
旮,065EE,日 ,2,6
旯,065EF,日 ,2,6
旰,065F0,日 ,3,7
旱,065F1,日 ,3,7
旴,065F4,日 ,3,7
时,065F6,日 ,3,7
旷,065F7,日 ,3,7
旹,065F9,日 ,4,8
旺,065FA,日 ,4,8
旻,065FB,日 ,4,8
旼,065FC,日 ,4,8
旾,065FE,日 ,4,8
昀,06600,日 ,4,8
昂,06602,日 ,4,8
昃,06603,日 ,4,8
昄,06604,日 ,4,8
昆,06606,日 ,4,8
昇,06607,日 ,4,8
昉,06609,日 ,4,8
昊,0660A,日 ,4,8
昌,0660C,日 ,4,8
明,0660E,日 ,4,8
昏,0660F,日 ,4,8
昒,06612,日 ,4,8
易,06613,日 ,4,8
昔,06614,日 ,4,8
昕,06615,日 ,4,8
昚,0661A,日 ,5,9
昜,0661C,日 ,5,9
昝,0661D,日 ,5,9
昞,0661E,日 ,5,9
星,0661F,日 ,5,9
映,06620,日 ,5,9
昡,06621,日 ,5,9
春,06625,日 ,5,9
昧,06627,日 ,5,9
昨,06628,日 ,5,9
昫,0662B,日 ,5,9
昬,0662C,日 ,5,9
昭,0662D,日 ,5,9
是,0662F,日 ,5,9
昰,06630,日 ,5,9
昱,06631,日 ,5,9
昳,06633,日 ,5,9
昴,06634,日 ,5,9
昵,06635,日 ,5,9
昶,06636,日 ,5,9
昺,0663A,日 ,5,9
昼,0663C,尸 ,6,9
晁,06641,日 ,6,10
時,06642,日 ,6,10
晃,06643,日 ,6,10
晅,06645,日 ,6,10
晈,06648,日 ,6,10
晉,06649,日 ,6,10
晋,0664B,日 ,6,10
晌,0664C,日 ,6,10
晏,0664F,日 ,6,10
晒,06652,日 ,6,10
晙,06659,日 ,7,11
晚,0665A,日 ,7,11
晛,0665B,日 ,7,11
晜,0665C,日 ,7,11
晝,0665D,日 ,7,11
晞,0665E,日 ,7,11
晟,0665F,日 ,6,10
晡,06661,日 ,7,11
晢,06662,日 ,7,11
晤,06664,日 ,7,11
晦,06666,日 ,7,11
晧,06667,日 ,7,11
晨,06668,日 ,7,11
晬,0666C,日 ,8,12
普,0666E,日 ,8,12
景,0666F,日 ,8,12
晰,06670,日 ,8,12
晳,06673,日 ,8,12
晴,06674,日 ,8,12
晶,06676,日 ,8,12
晷,06677,日 ,8,12
智,0667A,日 ,8,12
晻,0667B,日 ,8,12
晼,0667C,日 ,8,12
晾,0667E,日 ,8,12
暄,06684,日 ,9,13
暇,06687,日 ,9,13
暈,06688,日 ,9,13
暉,06689,日 ,9,13
暋,0668B,日 ,9,13
暌,0668C,日 ,9,13
暍,0668D,日 ,9,13
暎,0668E,日 ,9,13
暐,06690,日 ,9,13
暑,06691,日 ,8,12
暖,06696,日 ,9,13
暗,06697,日 ,9,13
暘,06698,日 ,9,13
暝,0669D,日 ,10,14
暠,066A0,日 ,10,14
暡,066A1,日 ,10,14
暢,066A2,日 ,10,14
暨,066A8,日 ,10,14
暫,066AB,日 ,11,15
暭,066AD,日 ,11,15
暮,066AE,日 ,11,15
暱,066B1,日 ,11,15
暴,066B4,日 ,11,15
暵,066B5,日 ,11,15
暹,066B9,日 ,12,16
暾,066BE,日 ,12,16
曀,066C0,日 ,12,16
曄,066C4,日 ,12,16
曅,066C5,日 ,12,16
曆,066C6,日 ,12,16
曇,066C7,日 ,12,16
曈,066C8,日 ,12,16
曉,066C9,日 ,12,16
曌,066CC,日 ,12,16
曏,066CF,日 ,12,16
曖,066D6,日 ,13,17
曙,066D9,日 ,13,17
曚,066DA,日 ,14,18
曛,066DB,日 ,14,18
曜,066DC,日 ,14,18
曝,066DD,日 ,15,19
曠,066E0,日 ,15,19
曡,066E1,日 ,15,19
曦,066E6,日 ,16,20
曨,066E8,日 ,16,20
曩,066E9,日 ,17,21
曬,066EC,日 ,19,23
曭,066ED,日 ,20,24
曰,066F0,曰 ,0,4
曲,066F2,曰 ,2,6
曳,066F3,曰 ,2,6
更,066F4,曰 ,3,7
曶,066F6,曰 ,4,8
曷,066F7,曰 ,5,9
書,066F8,曰 ,6,10
曹,066F9,曰 ,7,11
曼,066FC,又 ,9,11
曾,066FE,曰 ,8,12
替,066FF,曰 ,8,12
最,06700,冂 ,10,12
會,06703,曰 ,9,13
朅,06705,曰 ,10,14
月,06708,月 ,0,4
有,06709,月 ,2,6
朋,0670B,月 ,4,8
服,0670D,月 ,4,8
朏,0670F,月 ,5,9
朒,06712,月 ,6,10
朓,06713,月 ,6,10
朔,06714,月 ,6,10
朕,06715,月 ,6,10
朗,06717,月 ,6,10
朘,06718,月 ,7,11
朙,06719,月 ,7,11
望,0671B,月 ,7,11
朝,0671D,月 ,8,12
朞,0671E,月 ,8,12
期,0671F,月 ,8,12
朣,06723,月 ,12,16
朦,06726,月 ,14,18
朧,06727,月 ,16,20
木,06728,木 ,0,4
未,0672A,木 ,1,5
末,0672B,木 ,1,5
本,0672C,木 ,1,5
札,0672D,木 ,1,5
朮,0672E,木 ,1,5
术,0672F,木 ,1,5
朱,06731,木 ,2,6
朴,06734,木 ,2,6
朵,06735,木 ,2,6
朶,06736,木 ,2,6
朹,06739,木 ,2,6
机,0673A,木 ,2,6
机,0673A,木 ,2,6
机,0673A,木 ,2,6
朻,0673B,木 ,2,6
朽,0673D,木 ,2,6
朾,0673E,木 ,2,6
朿,0673F,木 ,2,6
杁,06741,木 ,2,6
权,06743,木 ,2,6
杅,06745,木 ,3,7
杆,06746,木 ,3,7
杇,06747,木 ,3,7
杈,06748,木 ,3,7
杉,06749,木 ,3,7
杌,0674C,木 ,3,7
李,0674E,木 ,3,7
杏,0674F,木 ,3,7
材,06750,木 ,3,7
村,06751,木 ,3,7
杓,06753,木 ,3,7
杕,06755,木 ,3,7
杖,06756,木 ,3,7
杗,06757,木 ,3,7
杘,06758,木 ,3,7
杙,06759,木 ,3,7
杜,0675C,木 ,3,7
杞,0675E,木 ,3,7
束,0675F,木 ,3,7
杠,06760,木 ,3,7
杢,06762,木 ,3,7
杣,06763,木 ,3,7
杪,0676A,木 ,4,8
杬,0676C,木 ,4,8
杭,0676D,木 ,4,8
杯,0676F,木 ,4,8
杰,06770,木 ,4,8
東,06771,木 ,4,8
杲,06772,木 ,4,8
杳,06773,木 ,4,8
杴,06774,木 ,4,8
杵,06775,木 ,4,8
杶,06776,木 ,4,8
杷,06777,木 ,4,8
杻,0677B,木 ,4,8
杼,0677C,木 ,4,8
松,0677E,木 ,4,8
板,0677F,木 ,4,8
构,06784,木 ,4,8
枇,06787,木 ,4,8
枉,06789,木 ,4,8
枊,0678A,木 ,4,8
枋,0678B,木 ,4,8
枌,0678C,木 ,4,8
枏,0678F,木 ,4,8
析,06790,木 ,4,8
枑,06791,木 ,4,8
枒,06792,木 ,4,8
枓,06793,木 ,4,8
枕,06795,木 ,4,8
林,06797,木 ,4,8
枘,06798,木 ,4,8
枚,0679A,木 ,4,8
果,0679C,木 ,4,8
枝,0679D,木 ,4,8
枟,0679F,木 ,4,8
枡,067A1,木 ,4,8
枯,067AF,木 ,5,9
枰,067B0,木 ,5,9
枱,067B1,木 ,5,9
枲,067B2,木 ,5,9
枳,067B3,木 ,5,9
枴,067B4,木 ,5,9
枵,067B5,木 ,5,9
架,067B6,木 ,5,9
枷,067B7,木 ,5,9
枸,067B8,木 ,5,9
枹,067B9,木 ,5,9
枻,067BB,木 ,5,9
柁,067C1,木 ,5,9
柄,067C4,木 ,5,9
柅,067C5,木 ,5,9
柈,067C8,木 ,5,9
柎,067CE,木 ,5,9
柏,067CF,木 ,5,9
某,067D0,木 ,5,9
柑,067D1,木 ,5,9
柒,067D2,木 ,5,9
染,067D3,木 ,5,9
柔,067D4,木 ,5,9
柘,067D8,木 ,5,9
柙,067D9,木 ,5,9
柚,067DA,木 ,5,9
柜,067DC,木 ,5,9
柜,067DC,木 ,5,9
柝,067DD,木 ,5,9
柞,067DE,木 ,5,9
柟,067DF,木 ,5,9
柢,067E2,木 ,5,9
柣,067E3,木 ,5,9
查,067E5,木 ,5,9
柧,067E7,木 ,5,9
柩,067E9,木 ,5,9
柬,067EC,木 ,5,9
柮,067EE,木 ,5,9
柯,067EF,木 ,5,9
柰,067F0,木 ,5,9
柱,067F1,木 ,5,9
柲,067F2,木 ,5,9
柳,067F3,木 ,5,9
柴,067F4,木 ,6,10
柵,067F5,木 ,5,9
柶,067F6,木 ,5,9
柷,067F7,木 ,5,9
柹,067F9,木 ,5,9
柿,067FF,木 ,5,9
栀,06800,木 ,5,9
栁,06801,木 ,5,9
栂,06802,木 ,5,9
栃,06803,木 ,5,9
栅,06805,木 ,5,9
标,06807,木 ,5,9
栒,06812,木 ,6,10
栓,06813,木 ,6,10
栔,06814,木 ,6,10
栖,06816,木 ,6,10
栗,06817,木 ,6,10
栘,06818,木 ,6,10
栙,06819,木 ,6,10
栝,0681D,木 ,6,10
栞,0681E,木 ,6,10
栟,0681F,木 ,6,10
校,06821,木 ,6,10
栢,06822,木 ,6,10
栩,06829,木 ,6,10
株,0682A,木 ,6,10
栭,0682D,木 ,6,10
栱,06831,木 ,6,10
栲,06832,木 ,6,10
栳,06833,木 ,6,10
栴,06834,木 ,6,10
栵,06835,木 ,6,10
核,06838,木 ,6,10
根,06839,木 ,6,10
栻,0683B,木 ,6,10
格,0683C,木 ,6,10
栽,0683D,木 ,6,10
栾,0683E,木 ,6,10
桀,06840,木 ,6,10
桁,06841,木 ,6,10
桂,06842,木 ,6,10
桃,06843,木 ,6,10
桄,06844,木 ,6,10
桅,06845,木 ,6,10
框,06846,木 ,6,10
案,06848,木 ,6,10
桉,06849,木 ,6,10
桋,0684B,木 ,6,10
桌,0684C,木 ,6,10
桎,0684E,木 ,6,10
桐,06850,木 ,6,10
桑,06851,木 ,6,10
桓,06853,木 ,6,10
桔,06854,木 ,6,10
桚,0685A,木 ,6,10
桛,0685B,木 ,6,10
桫,0686B,木 ,7,11
桮,0686E,木 ,7,11
桯,0686F,木 ,7,11
桲,06872,木 ,7,11
桴,06874,木 ,7,11
桵,06875,木 ,7,11
桶,06876,木 ,7,11
桷,06877,木 ,7,11
桹,06879,木 ,7,11
桺,0687A,木 ,7,11
桼,0687C,木 ,7,11
桿,0687F,木 ,7,11
梁,06881,木 ,7,11
梃,06883,木 ,7,11
梅,06885,木 ,7,11
梆,06886,木 ,7,11
梏,0688F,木 ,7,11
梐,06890,木 ,7,11
梒,06892,木 ,7,11
梓,06893,木 ,7,11
梔,06894,木 ,7,11
梗,06897,木 ,7,11
梜,0689C,木 ,7,11
條,0689D,木 ,7,11
梟,0689F,木 ,7,11
梠,068A0,木 ,7,11
梡,068A1,木 ,7,11
梢,068A2,木 ,7,11
梣,068A3,木 ,7,11
梦,068A6,夕 ,8,11
梧,068A7,木 ,7,11
梨,068A8,木 ,7,11
梩,068A9,木 ,7,11
梭,068AD,木 ,7,11
梮,068AE,木 ,7,11
梯,068AF,木 ,7,11
械,068B0,木 ,7,11
梱,068B1,木 ,7,11
梲,068B2,木 ,7,11
梳,068B3,木 ,6,10
梵,068B5,木 ,7,11
梶,068B6,木 ,7,17
梹,068B9,木 ,7,11
棃,068C3,木 ,8,12
棄,068C4,木 ,7,11
棉,068C9,木 ,8,12
棊,068CA,木 ,8,12
棋,068CB,木 ,8,12
棍,068CD,木 ,8,12
棐,068D0,木 ,8,12
棑,068D1,木 ,8,12
棒,068D2,木 ,8,12
棓,068D3,木 ,8,12
棕,068D5,木 ,8,12
棖,068D6,木 ,8,12
棗,068D7,木 ,8,12
棘,068D8,木 ,8,12
棚,068DA,木 ,8,12
棜,068DC,木 ,8,12
棟,068DF,木 ,8,12
棠,068E0,木 ,8,12
棣,068E3,木 ,8,12
棧,068E7,木 ,8,12
棨,068E8,木 ,8,12
棫,068EB,木 ,8,12
棬,068EC,木 ,8,12
森,068EE,木 ,8,12
棰,068F0,木 ,9,13
棱,068F1,木 ,8,12
棲,068F2,木 ,8,12
棵,068F5,木 ,8,12
棶,068F6,木 ,8,12
棷,068F7,木 ,8,12
棸,068F8,木 ,8,12
棹,068F9,木 ,8,12
棺,068FA,木 ,8,12
棻,068FB,木 ,8,12
棼,068FC,木 ,8,12
棽,068FD,木 ,8,12
椀,06900,木 ,8,12
椄,06904,木 ,8,12
椅,06905,木 ,8,12
椇,06907,木 ,8,12
椈,06908,木 ,8,12
椌,0690C,木 ,8,12
植,0690D,木 ,8,12
椎,0690E,木 ,8,12
椏,0690F,木 ,8,12
椐,06910,木 ,8,12
椑,06911,木 ,8,12
椒,06912,木 ,8,12
椓,06913,木 ,8,12
椔,06914,木 ,8,12
椘,06918,木 ,8,12
椙,06919,木 ,8,12
椚,0691A,木 ,8,12
椛,0691B,木 ,8,12
椥,06925,木 ,8,12
椪,0692A,木 ,8,12
椰,06930,木 ,9,13
椳,06933,木 ,9,13
椶,06936,木 ,9,13
椷,06937,木 ,9,13
椸,06938,木 ,9,13
椹,06939,木 ,9,13
椽,0693D,木 ,9,13
椿,0693F,木 ,9,13
楂,06942,木 ,9,13
楄,06944,木 ,9,13
楅,06945,木 ,9,13
楈,06948,木 ,9,13
楊,0694A,木 ,9,13
楎,0694E,木 ,9,13
楓,06953,木 ,9,13
楔,06954,木 ,9,13
楖,06956,木 ,7,11
楗,06957,木 ,9,13
楙,06959,木 ,9,13
楚,0695A,木 ,9,13
楛,0695B,木 ,9,13
楝,0695D,木 ,9,13
楞,0695E,木 ,9,13
楠,06960,木 ,9,13
楢,06962,木 ,9,13
楣,06963,木 ,9,13
楥,06965,木 ,9,13
楦,06966,木 ,9,13
楨,06968,木 ,9,13
楩,06969,木 ,9,13
楪,0696A,木 ,9,13
楫,0696B,木 ,9,13
楬,0696C,木 ,9,13
業,0696D,木 ,9,13
楮,0696E,木 ,8,12
楯,0696F,木 ,9,13
楰,06970,木 ,8,12
楱,06971,木 ,9,13
楳,06973,木 ,9,13
極,06975,木 ,9,13
楶,06976,木 ,9,13
楷,06977,木 ,9,13
楸,06978,木 ,9,13
楹,06979,木 ,9,13
楼,0697C,木 ,9,13
概,06982,木 ,9,13
榆,06986,木 ,9,13
榊,0698A,木 ,10,14
榎,0698E,木 ,10,14
榑,06991,木 ,10,14
榔,06994,木 ,9,13
榕,06995,木 ,10,14
榖,06996,木 ,10,14
榘,06998,木 ,10,14
榛,0699B,木 ,10,14
榜,0699C,木 ,10,14
榣,069A3,木 ,10,14
榤,069A4,木 ,10,14
榦,069A6,木 ,10,14
榧,069A7,木 ,10,14
榨,069A8,木 ,10,14
榫,069AB,木 ,10,14
榭,069AD,木 ,10,14
榮,069AE,木 ,10,14
榰,069B0,木 ,10,14
榱,069B1,木 ,10,14
榴,069B4,木 ,10,14
榶,069B6,木 ,10,14
榷,069B7,木 ,10,14
榻,069BB,木 ,10,14
榼,069BC,木 ,10,14
榾,069BE,木 ,10,14
榿,069BF,木 ,10,14
槀,069C0,木 ,10,14
槁,069C1,木 ,10,14
槃,069C3,木 ,10,14
槅,069C5,木 ,10,14
槊,069CA,木 ,10,14
構,069CB,木 ,10,14
槌,069CC,木 ,10,14
槍,069CD,木 ,10,14
槎,069CE,木 ,10,14
槐,069D0,木 ,10,14
槑,069D1,木 ,10,14
槓,069D3,木 ,10,14
槔,069D4,木 ,10,14
槕,069D5,木 ,10,14
槖,069D6,木 ,10,14
槤,069E4,木 ,11,15
槥,069E5,木 ,11,15
槧,069E7,木 ,11,15
槨,069E8,木 ,11,15
槩,069E9,木 ,11,15
槪,069EA,木 ,11,15
槬,069EC,木 ,11,15
槭,069ED,木 ,11,15
槮,069EE,木 ,11,15
槱,069F1,木 ,11,15
槲,069F2,木 ,11,15
槳,069F3,木 ,11,15
槹,069F9,木 ,12,16
槻,069FB,木 ,11,15
槼,069FC,木 ,11,15
槽,069FD,木 ,11,15
槿,069FF,木 ,11,15
樀,06A00,木 ,11,15
樁,06A01,木 ,11,15
樂,06A02,木 ,11,15
樅,06A05,木 ,11,15
樊,06A0A,木 ,11,15
樐,06A10,木 ,11,15
樑,06A11,木 ,11,15
樓,06A13,木 ,11,15
樔,06A14,木 ,11,15
樕,06A15,木 ,11,15
樗,06A17,木 ,11,15
標,06A19,木 ,11,15
樛,06A1B,木 ,11,15
樝,06A1D,木 ,11,15
樞,06A1E,木 ,11,15
樟,06A1F,木 ,11,15
樠,06A20,木 ,11,15
模,06A21,木 ,11,15
樣,06A23,木 ,11,15
樨,06A28,木 ,12,16
樫,06A2B,木 ,11,15
樲,06A32,木 ,12,16
樴,06A34,木 ,12,16
樵,06A35,木 ,12,16
樷,06A37,木 ,12,16
樸,06A38,木 ,12,16
樹,06A39,木 ,12,16
樺,06A3A,木 ,12,16
樽,06A3D,木 ,12,16
樾,06A3E,木 ,12,16
樿,06A3F,木 ,12,16
橄,06A44,木 ,12,16
橇,06A47,木 ,12,16
橈,06A48,木 ,12,16
橋,06A4B,木 ,12,16
橐,06A50,木 ,12,16
橑,06A51,木 ,12,16
橕,06A55,木 ,12,16
橘,06A58,木 ,12,16
橙,06A59,木 ,12,16
橚,06A5A,木 ,12,16
橛,06A5B,木 ,12,16
橜,06A5C,木 ,12,16
機,06A5F,木 ,12,16
橡,06A61,木 ,12,16
橢,06A62,木 ,12,16
橤,06A64,木 ,12,16
橦,06A66,木 ,12,16
橧,06A67,木 ,12,16
橪,06A6A,木 ,12,16
橫,06A6B,木 ,12,16
橿,06A7F,木 ,13,17
檀,06A80,木 ,13,17
檃,06A83,木 ,13,17
檄,06A84,木 ,13,17
檇,06A87,木 ,12,16
檉,06A89,木 ,13,17
檍,06A8D,木 ,13,17
檎,06A8E,木 ,13,17
檐,06A90,木 ,13,17
檑,06A91,木 ,13,17
檔,06A94,木 ,13,17
檕,06A95,木 ,13,17
檖,06A96,木 ,13,17
檛,06A9B,木 ,13,17
檜,06A9C,木 ,13,17
檝,06A9D,木 ,13,17
檞,06A9E,木 ,13,17
檟,06A9F,木 ,13,17
檠,06AA0,木 ,13,17
檢,06AA2,木 ,13,17
檣,06AA3,木 ,13,17
檥,06AA5,木 ,13,17
檬,06AAC,木 ,14,18
檮,06AAE,木 ,14,18
檯,06AAF,木 ,14,18
檳,06AB3,木 ,14,18
檸,06AB8,木 ,14,18
檻,06ABB,木 ,14,18
檽,06ABD,木 ,14,18
檿,06ABF,木 ,14,18
櫂,06AC2,木 ,14,18
櫃,06AC3,木 ,14,18
櫆,06AC6,木 ,14,18
櫈,06AC8,木 ,14,18
櫋,06ACB,木 ,15,19
櫌,06ACC,木 ,15,19
櫓,06AD3,木 ,15,19
櫔,06AD4,木 ,15,19
櫚,06ADA,木 ,15,19
櫛,06ADB,木 ,13,17
櫜,06ADC,木 ,15,19
櫝,06ADD,木 ,15,19
櫞,06ADE,木 ,15,19
櫟,06ADF,木 ,15,19
櫥,06AE5,木 ,15,19
櫧,06AE7,木 ,15,19
櫨,06AE8,木 ,16,20
櫪,06AEA,木 ,16,20
櫫,06AEB,木 ,15,19
櫬,06AEC,木 ,16,20
櫰,06AF0,木 ,16,20
櫱,06AF1,木 ,16,20
櫳,06AF3,木 ,16,20
櫸,06AF8,木 ,17,21
櫺,06AFA,木 ,17,21
櫻,06AFB,木 ,17,21
櫼,06AFC,木 ,17,21
欂,06B02,木 ,17,21
欃,06B03,木 ,17,21
欄,06B04,木 ,17,21
欇,06B07,木 ,18,22
權,06B0A,木 ,18,22
欐,06B10,木 ,19,23
欑,06B11,木 ,19,23
欒,06B12,木 ,19,23
欖,06B16,木 ,21,25
欙,06B19,木 ,21,25
欝,06B1D,木 ,22,26
欞,06B1E,木 ,24,28
欠,06B20,欠 ,0,4
次,06B21,欠 ,2,6
欢,06B22,欠 ,2,6
欣,06B23,欠 ,4,8
欤,06B24,欠 ,4,8
欥,06B25,欠 ,4,8
欨,06B28,欠 ,5,9
欬,06B2C,欠 ,6,10
欭,06B2D,欠 ,6,10
欲,06B32,欠 ,7,11
欵,06B35,欠 ,7,11
欶,06B36,欠 ,7,11
欷,06B37,欠 ,7,11
欸,06B38,欠 ,7,11
欹,06B39,欠 ,8,12
欺,06B3A,欠 ,8,12
欻,06B3B,欠 ,8,12
欽,06B3D,欠 ,8,12
款,06B3E,欠 ,8,12
欿,06B3F,欠 ,8,12
歀,06B40,欠 ,9,13
歂,06B42,欠 ,9,13
歃,06B43,欠 ,9,13
歆,06B46,欠 ,9,13
歇,06B47,欠 ,9,13
歈,06B48,欠 ,9,13
歉,06B49,欠 ,10,14
歊,06B4A,欠 ,10,14
歋,06B4B,欠 ,10,14
歌,06B4C,欠 ,10,14
歍,06B4D,欠 ,10,14
歎,06B4E,欠 ,11,15
歐,06B50,欠 ,11,15
歑,06B51,欠 ,11,15
歔,06B54,欠 ,12,16
歕,06B55,欠 ,12,16
歗,06B57,欠 ,12,16
歘,06B58,火 ,12,16
歙,06B59,欠 ,12,16
歛,06B5B,欠 ,13,17
歜,06B5C,欠 ,13,17
歟,06B5F,欠 ,14,18
歠,06B60,欠 ,15,19
歡,06B61,欠 ,18,22
止,06B62,止 ,0,4
正,06B63,止 ,1,5
此,06B64,止 ,2,6
步,06B65,止 ,3,7
武,06B66,止 ,4,8
歧,06B67,止 ,4,8
歪,06B6A,止 ,5,9
歫,06B6B,止 ,5,9
歭,06B6D,止 ,6,10
歱,06B71,止 ,9,13
歲,06B72,止 ,9,13
歷,06B77,止 ,12,16
歸,06B78,止 ,14,18
歹,06B79,歹 ,0,4
歺,06B7A,歹 ,1,5
死,06B7B,歹 ,2,6
歾,06B7E,歹 ,4,8
歿,06B7F,歹 ,4,8
殀,06B80,歹 ,4,8
殂,06B82,歹 ,5,9
殃,06B83,歹 ,5,9
殄,06B84,歹 ,5,9
殆,06B86,歹 ,5,9
殈,06B88,歹 ,6,10
殉,06B89,歹 ,6,10
殊,06B8A,歹 ,6,10
殍,06B8D,歹 ,7,11
殑,06B91,歹 ,7,11
殖,06B96,歹 ,8,12
殗,06B97,歹 ,8,12
殘,06B98,歹 ,8,12
殙,06B99,歹 ,8,12
殛,06B9B,歹 ,9,13
殜,06B9C,歹 ,9,13
殞,06B9E,歹 ,10,14
殟,06B9F,歹 ,10,14
殠,06BA0,歹 ,10,14
殡,06BA1,歹 ,10,14
殢,06BA2,歹 ,11,15
殣,06BA3,歹 ,11,15
殤,06BA4,歹 ,11,15
殥,06BA5,歹 ,11,15
殪,06BAA,歹 ,12,16
殫,06BAB,歹 ,12,16
殭,06BAD,歹 ,13,17
殮,06BAE,歹 ,13,17
殯,06BAF,歹 ,14,18
殰,06BB0,歹 ,15,19
殲,06BB2,歹 ,17,21
殳,06BB3,殳 ,0,4
段,06BB5,殳 ,5,9
殷,06BB7,殳 ,6,10
殹,06BB9,殳 ,7,11
殺,06BBA,殳 ,7,11
殼,06BBC,殳 ,8,12
殽,06BBD,殳 ,8,12
殿,06BBF,殳 ,9,13
毀,06BC0,殳 ,9,13
毄,06BC4,殳 ,10,14
毅,06BC5,殳 ,11,15
毆,06BC6,殳 ,11,15
毈,06BC8,殳 ,12,16
毉,06BC9,殳 ,14,18
毋,06BCB,毋 ,0,4
毌,06BCC,毋 ,0,4
母,06BCD,毋 ,0,5
每,06BCF,毋 ,2,7
毐,06BD0,毋 ,3,7
毒,06BD2,毋 ,4,8
毓,06BD3,毋 ,8,13
比,06BD4,比 ,0,4
毖,06BD6,比 ,5,9
毗,06BD7,比 ,5,9
毘,06BD8,比 ,5,9
毚,06BDA,比 ,13,17
毛,06BDB,毛 ,0,4
毟,06BDF,毛,4,8
毡,06BE1,毛 ,5,9
毣,06BE3,毛 ,6,10
毧,06BE7,毛 ,6,10
毨,06BE8,毛 ,6,10
毫,06BEB,毛 ,7,11
毬,06BEC,毛 ,7,11
毯,06BEF,毛 ,8,12
毰,06BF0,毛 ,8,12
毲,06BF2,毛 ,8,12
毳,06BF3,毛 ,8,12
毷,06BF7,毛 ,9,13
毸,06BF8,毛 ,9,13
毹,06BF9,毛 ,9,13
毽,06BFD,毛 ,9,13
毾,06BFE,毛 ,10,14
毿,06BFF,毛 ,11,15
氀,06C00,毛 ,11,15
氁,06C01,毛 ,11,15
氂,06C02,毛 ,11,15
氃,06C03,毛 ,12,16
氄,06C04,毛 ,12,16
氅,06C05,毛 ,12,16
氈,06C08,毛 ,13,17
氉,06C09,毛 ,13,17
氊,06C0A,毛 ,13,17
氋,06C0B,毛 ,14,18
氍,06C0D,毛 ,18,22
氏,06C0F,氏 ,0,4
氐,06C10,氏 ,1,5
民,06C11,氏 ,1,5
氓,06C13,氏 ,4,8
气,06C14,气 ,0,4
氕,06C15,气 ,1,5
氖,06C16,气 ,2,6
氘,06C18,气 ,2,6
氙,06C19,气 ,3,7
氚,06C1A,气 ,3,7
氛,06C1B,气 ,4,8
氟,06C1F,气 ,5,9
氠,06C20,气 ,5,9
氡,06C21,气 ,5,9
氣,06C23,气 ,6,10
氤,06C24,气 ,6,10
氥,06C25,气 ,6,10
氦,06C26,气 ,6,10
氧,06C27,气 ,6,10
氨,06C28,气 ,6,10
氪,06C2A,气 ,7,11
氫,06C2B,气 ,7,11
氬,06C2C,气 ,8,12
氮,06C2E,气 ,8,12
氯,06C2F,气 ,8,12
氰,06C30,气 ,8,12
氳,06C33,气 ,10,14
水,06C34,水 ,0,4
氷,06C37,水 ,1,5
永,06C38,水 ,1,5
氾,06C3E,水 ,2,5
氿,06C3F,水 ,2,5
汀,06C40,水 ,2,5
汁,06C41,水 ,2,5
求,06C42,水 ,2,7
汃,06C43,水 ,2,5
汆,06C46,水 ,2,6
汊,06C4A,水 ,3,6
汋,06C4B,水 ,3,6
汍,06C4D,水 ,3,6
汎,06C4E,水 ,3,6
汏,06C4F,水 ,3,6
汐,06C50,水 ,3,6
汒,06C52,水 ,3,6
汔,06C54,水 ,3,6
汕,06C55,水 ,3,6
汗,06C57,水 ,3,6
汙,06C59,水 ,3,6
汚,06C5A,水 ,3,6
汛,06C5B,水 ,3,6
汜,06C5C,水 ,3,6
汝,06C5D,水 ,3,6
汞,06C5E,水 ,3,7
江,06C5F,水 ,3,6
池,06C60,水 ,3,6
汧,06C67,水 ,4,7
汨,06C68,水 ,4,7
汩,06C69,水 ,4,7
汪,06C6A,水 ,4,7
汭,06C6D,水 ,4,7
汰,06C70,水 ,4,7
汲,06C72,水 ,4,7
汴,06C74,水 ,4,7
汶,06C76,水 ,4,7
汸,06C78,水 ,4,7
汹,06C79,水 ,4,7
決,06C7A,水 ,4,7
汽,06C7D,水 ,4,7
汾,06C7E,水 ,4,7
沁,06C81,水 ,4,7
沂,06C82,水 ,4,7
沃,06C83,水 ,4,7
沄,06C84,水 ,4,7
沅,06C85,水 ,4,7
沆,06C86,水 ,4,7
沇,06C87,水 ,4,7
沈,06C88,水 ,4,7
沉,06C89,水 ,4,7
沋,06C8B,水 ,4,7
沌,06C8C,水 ,4,7
沍,06C8D,水 ,4,7
沏,06C8F,水 ,4,7
沐,06C90,水 ,4,7
沒,06C92,水 ,4,7
沓,06C93,水 ,4,8
沔,06C94,水 ,4,7
沕,06C95,水 ,4,7
沖,06C96,水 ,4,7
沘,06C98,水 ,4,7
沙,06C99,水 ,4,7
沚,06C9A,水 ,4,7
沛,06C9B,水 ,4,7
没,06CA1,水 ,4,7
沪,06CAA,水 ,4,7
沫,06CAB,水 ,5,8
沬,06CAC,水 ,5,8
沭,06CAD,水 ,5,8
沮,06CAE,水 ,5,8
沱,06CB1,水 ,5,8
河,06CB3,水 ,5,8
沴,06CB4,水 ,5,8
沷,06CB7,水 ,5,8
沸,06CB8,水 ,5,8
油,06CB9,水 ,5,8
治,06CBB,水 ,5,8
沼,06CBC,水 ,5,8
沽,06CBD,水 ,5,8
沾,06CBE,水 ,5,8
沿,06CBF,水 ,5,8
況,06CC1,水 ,5,8
泂,06CC2,水 ,5,8
泄,06CC4,水 ,5,8
泅,06CC5,水 ,5,8
泆,06CC6,水 ,5,8
泉,06CC9,水 ,5,9
泊,06CCA,水 ,5,8
泌,06CCC,水 ,5,8
泐,06CD0,水 ,5,8
泓,06CD3,水 ,5,8
泔,06CD4,水 ,5,8
法,06CD5,水 ,5,8
泖,06CD6,水 ,5,8
泗,06CD7,水 ,5,8
泙,06CD9,水 ,5,8
泚,06CDA,水 ,6,9
泛,06CDB,水 ,5,8
泜,06CDC,水 ,5,8
泝,06CDD,水 ,5,8
泠,06CE0,水 ,5,8
泡,06CE1,水 ,5,8
波,06CE2,水 ,5,8
泣,06CE3,水 ,5,8
泥,06CE5,水 ,5,8
注,06CE8,水 ,5,8
泪,06CEA,水 ,5,8
泫,06CEB,水 ,5,8
泬,06CEC,水 ,5,8
泭,06CED,水 ,5,8
泮,06CEE,水 ,5,8
泯,06CEF,水 ,5,8
泰,06CF0,水 ,5,10
泱,06CF1,水 ,5,8
泲,06CF2,水 ,5,8
泳,06CF3,水 ,5,8
泵,06CF5,水 ,5,9
洄,06D04,水 ,6,9
洊,06D0A,水 ,6,9
洋,06D0B,水 ,6,9
洌,06D0C,水 ,6,9
洎,06D0E,水 ,6,9
洏,06D0F,水 ,6,9
洑,06D11,水 ,6,9
洒,06D12,水 ,6,9
洒,06D12,水 ,6,9
洗,06D17,水 ,6,9
洙,06D19,水 ,6,9
洚,06D1A,水 ,6,9
洛,06D1B,水 ,6,9
洞,06D1E,水 ,6,9
洟,06D1F,水 ,6,9
津,06D25,水 ,6,9
洧,06D27,水 ,6,9
洨,06D28,水 ,6,9
洩,06D29,水 ,6,9
洪,06D2A,水 ,6,9
洫,06D2B,水 ,6,9
洭,06D2D,水 ,6,9
洮,06D2E,水 ,6,9
洱,06D31,水 ,6,9
洲,06D32,水 ,6,9
洳,06D33,水 ,6,9
洴,06D34,水 ,6,9
洵,06D35,水 ,6,9
洶,06D36,水 ,6,9
洸,06D38,水 ,6,9
洹,06D39,水 ,6,9
洺,06D3A,水 ,6,9
活,06D3B,水 ,6,9
洼,06D3C,水 ,6,9
洽,06D3D,水 ,6,9
派,06D3E,水 ,6,9
洿,06D3F,水 ,6,9
流,06D41,水 ,6,9
浄,06D44,水 ,6,9
浅,06D45,水 ,6,9
浙,06D59,水 ,7,10
浚,06D5A,水 ,7,10
浜,06D5C,水 ,7,10
浞,06D5E,水 ,7,10
浠,06D60,水 ,7,10
浡,06D61,水 ,7,10
浣,06D63,水 ,7,10
浥,06D65,水 ,7,10
浦,06D66,水 ,7,10
浩,06D69,水 ,7,10
浪,06D6A,水 ,7,10
浬,06D6C,水 ,7,10
浮,06D6E,水 ,7,10
浯,06D6F,水 ,7,10
浴,06D74,水 ,7,10
海,06D77,水 ,7,10
浸,06D78,水 ,7,10
浹,06D79,水 ,7,10
浼,06D7C,水 ,7,10
涂,06D82,水 ,7,10
涅,06D85,水 ,7,10
涇,06D87,水 ,7,10
消,06D88,水 ,7,10
涉,06D89,水 ,7,10
涌,06D8C,水 ,7,10
涎,06D8E,水 ,8,11
涑,06D91,水 ,7,10
涒,06D92,水 ,7,10
涓,06D93,水 ,7,10
涔,06D94,水 ,7,10
涕,06D95,水 ,7,10
涖,06D96,水 ,7,10
涗,06D97,水 ,7,10
涘,06D98,水 ,7,10
涛,06D9B,水 ,7,10
涪,06DAA,水 ,8,11
涫,06DAB,水 ,8,11
涮,06DAE,水 ,8,11
涯,06DAF,水 ,8,11
液,06DB2,水 ,8,11
涳,06DB3,水 ,8,11
涴,06DB4,水 ,8,11
涵,06DB5,水 ,8,11
涷,06DB7,水 ,8,11
涸,06DB8,水 ,8,11
涼,06DBC,水 ,8,11
涾,06DBE,水 ,8,11
涿,06DBF,水 ,8,11
淀,06DC0,水 ,8,11
淂,06DC2,水 ,8,11
淄,06DC4,水 ,8,11
淅,06DC5,水 ,8,11
淆,06DC6,水 ,8,11
淇,06DC7,水 ,8,11
淈,06DC8,水 ,8,11
淋,06DCB,水 ,8,11
淌,06DCC,水 ,8,11
淑,06DD1,水 ,8,11
淒,06DD2,水 ,8,11
淖,06DD6,水 ,8,11
淘,06DD8,水 ,8,11
淙,06DD9,水 ,8,11
淚,06DDA,水 ,8,11
淜,06DDC,水 ,8,11
淝,06DDD,水 ,8,11
淞,06DDE,水 ,8,11
淟,06DDF,水 ,8,11
淠,06DE0,水 ,8,11
淡,06DE1,水 ,8,11
淢,06DE2,水 ,8,11
淤,06DE4,水 ,8,11
淥,06DE5,水 ,8,11
淦,06DE6,水 ,8,11
淨,06DE8,水 ,8,11
淩,06DE9,水 ,8,11
淪,06DEA,水 ,8,11
淫,06DEB,水 ,8,11
淬,06DEC,水 ,8,11
淮,06DEE,水 ,8,11
淯,06DEF,水 ,7,10
淰,06DF0,水 ,8,11
深,06DF1,水 ,8,11
淳,06DF3,水 ,8,11
淴,06DF4,水 ,8,11
淵,06DF5,水 ,8,11
淶,06DF6,水 ,8,11
混,06DF7,水 ,8,11
淹,06DF9,水 ,8,11
淺,06DFA,水 ,8,11
添,06DFB,水 ,8,11
淼,06DFC,水 ,8,12
渃,06E03,水 ,9,12
清,06E05,水 ,8,11
済,06E08,水 ,8,11
渊,06E0A,水 ,8,11
渕,06E15,水,8,11
渙,06E19,水 ,9,12
渚,06E1A,水 ,8,11
減,06E1B,水 ,9,12
渜,06E1C,水 ,9,12
渝,06E1D,水 ,9,12
渟,06E1F,水 ,9,12
渠,06E20,水 ,9,12
渡,06E21,水 ,9,12
渢,06E22,水 ,9,12
渣,06E23,水 ,9,12
渤,06E24,水 ,9,12
渥,06E25,水 ,9,12
渦,06E26,水 ,9,12
渨,06E28,水 ,9,12
温,06E29,水 ,9,12
渫,06E2B,水 ,9,12
測,06E2C,水 ,9,12
渭,06E2D,水 ,9,12
港,06E2F,水 ,9,12
渰,06E30,水 ,9,12
渲,06E32,水 ,9,12
渳,06E33,水 ,9,12
渴,06E34,水 ,9,12
游,06E38,水 ,9,12
渹,06E39,水 ,9,12
渺,06E3A,水 ,9,12
渼,06E3C,水 ,9,12
渾,06E3E,水 ,9,12
湀,06E40,水 ,9,12
湃,06E43,水 ,9,12
湄,06E44,水 ,9,12
湅,06E45,水 ,9,12
湉,06E49,水 ,9,12
湊,06E4A,水 ,9,12
湌,06E4C,水 ,9,12
湍,06E4D,水 ,9,12
湎,06E4E,水 ,9,12
湏,06E4F,頁 ,3,12
湑,06E51,水 ,9,12
湓,06E53,水 ,9,12
湔,06E54,水 ,9,12
湖,06E56,水 ,9,12
湘,06E58,水 ,9,12
湛,06E5B,水 ,9,12
湜,06E5C,水 ,9,12
湝,06E5D,水 ,9,12
湞,06E5E,水 ,9,12
湟,06E5F,水 ,9,12
湠,06E60,水 ,9,12
湢,06E62,水 ,9,12
湣,06E63,水 ,9,12
湧,06E67,水 ,9,12
湨,06E68,水 ,9,12
湩,06E69,水 ,9,12
湫,06E6B,水 ,9,12
湮,06E6E,水 ,9,12
湯,06E6F,水 ,9,12
湱,06E71,水 ,9,12
湲,06E72,水 ,9,12
湻,06E7B,水 ,9,12
湼,06E7C,水 ,9,12
湾,06E7E,水 ,9,12
溈,06E88,水 ,9,12
溉,06E89,水 ,9,12
溏,06E8F,水 ,10,13
源,06E90,水 ,10,13
溔,06E94,水 ,10,13
準,06E96,水 ,10,13
溘,06E98,水 ,10,13
溚,06E9A,水 ,10,13
溜,06E9C,水 ,10,13
溝,06E9D,水 ,10,13
溞,06E9E,水 ,10,13
溟,06E9F,水 ,10,13
溠,06EA0,水 ,10,13
溢,06EA2,水 ,10,13
溥,06EA5,水 ,10,13
溦,06EA6,水 ,10,13
溧,06EA7,水 ,10,13
溪,06EAA,水 ,10,13
溫,06EAB,水 ,10,13
溯,06EAF,水 ,10,13
溰,06EB0,水 ,10,13
溱,06EB1,水 ,10,13
溲,06EB2,水 ,10,13
溴,06EB4,水 ,10,13
溶,06EB6,水 ,10,13
溷,06EB7,水 ,10,13
溺,06EBA,水 ,10,13
溼,06EBC,水 ,10,13
溽,06EBD,水 ,10,13
滀,06EC0,水 ,10,13
滁,06EC1,水 ,10,13
滂,06EC2,水 ,10,13
滃,06EC3,水 ,10,13
滄,06EC4,水 ,10,13
滅,06EC5,水 ,10,13
滇,06EC7,水 ,10,13
滈,06EC8,水 ,10,13
滉,06EC9,水 ,10,13
滋,06ECB,水 ,9,12
滌,06ECC,水 ,11,14
滎,06ECE,水 ,10,14
滏,06ECF,水 ,10,13
滑,06ED1,水 ,10,13
滓,06ED3,水 ,10,13
滔,06ED4,水 ,10,13
滕,06ED5,水 ,10,15
滙,06ED9,水 ,10,13
滚,06EDA,水 ,10,13
滦,06EE6,水 ,10,13
滨,06EE8,水 ,10,13
滩,06EE9,水 ,10,13
滫,06EEB,水 ,11,14
滬,06EEC,水 ,11,14
滮,06EEE,水 ,11,14
滯,06EEF,水 ,11,14
滲,06EF2,水 ,11,14
滴,06EF4,水 ,11,14
滵,06EF5,水 ,11,14
滷,06EF7,水 ,11,14
滸,06EF8,水 ,11,14
滹,06EF9,水 ,11,14
滺,06EFA,水 ,11,15
滻,06EFB,水 ,11,14
滾,06EFE,水 ,11,14
滿,06EFF,水 ,11,14
漁,06F01,水 ,11,14
漂,06F02,水 ,11,14
漅,06F05,水 ,11,14
漆,06F06,水 ,11,14
漈,06F08,水 ,11,14
漉,06F09,水 ,11,14
漊,06F0A,水 ,11,14
漏,06F0F,水 ,11,14
漓,06F13,水 ,11,14
演,06F14,水 ,11,14
漕,06F15,水 ,11,14
漘,06F18,水 ,11,14
漙,06F19,水 ,11,14
漚,06F1A,水 ,11,14
漠,06F20,水 ,11,14
漢,06F22,水 ,11,14
漣,06F23,水 ,11,14
漦,06F26,水 ,11,15
漩,06F29,水 ,11,14
漪,06F2A,水 ,11,14
漫,06F2B,水 ,11,14
漬,06F2C,水 ,11,14
漭,06F2D,水 ,11,14
漯,06F2F,水 ,11,14
漰,06F30,水 ,11,14
漱,06F31,水 ,11,14
漲,06F32,水 ,11,14
漳,06F33,水 ,11,14
漵,06F35,水 ,11,14
漶,06F36,水 ,11,14
漷,06F37,水 ,11,14
漸,06F38,水 ,11,14
漻,06F3B,水 ,11,14
漼,06F3C,水 ,11,14
漾,06F3E,水 ,11,14
漿,06F3F,水 ,11,15
潀,06F40,水 ,11,14
潁,06F41,水 ,11,15
潎,06F4E,水 ,11,14
潏,06F4F,水 ,12,15
潑,06F51,水 ,12,15
潔,06F54,水 ,12,15
潘,06F58,水 ,12,15
潙,06F59,水 ,12,15
潚,06F5A,水 ,12,15
潛,06F5B,水 ,12,15
潝,06F5D,水 ,12,15
潞,06F5E,水 ,13,16
潟,06F5F,水 ,12,15
潠,06F60,水 ,12,15
潢,06F62,水 ,12,15
潤,06F64,水 ,12,15
潦,06F66,水 ,12,15
潬,06F6C,水 ,12,15
潭,06F6D,水 ,12,15
潮,06F6E,水 ,12,15
潯,06F6F,水 ,12,15
潰,06F70,水 ,12,15
潲,06F72,水 ,12,15
潸,06F78,水 ,12,15
潺,06F7A,水 ,12,15
潼,06F7C,水 ,12,15
潾,06F7E,水 ,12,15
澀,06F80,水 ,14,17
澁,06F81,水 ,12,15
澂,06F82,水 ,12,15
澄,06F84,水 ,12,15
澆,06F86,水 ,12,15
澇,06F87,水 ,12,15
澈,06F88,水 ,11,14
澉,06F89,水 ,12,15
澌,06F8C,水 ,12,15
澍,06F8D,水 ,12,15
澎,06F8E,水 ,12,15
澐,06F90,水 ,12,15
澒,06F92,水 ,12,15
澓,06F93,水 ,12,15
澔,06F94,水 ,12,15
澗,06F97,水 ,12,15
澟,06F9F,水 ,13,16
澠,06FA0,水 ,13,16
澡,06FA1,水 ,13,16
澣,06FA3,水 ,13,16
澤,06FA4,水 ,13,16
澥,06FA5,水 ,13,16
澦,06FA6,水 ,13,16
澧,06FA7,水 ,13,16
澨,06FA8,水 ,13,16
澩,06FA9,水 ,13,17
澭,06FAD,水 ,13,16
澮,06FAE,水 ,13,16
澱,06FB1,水 ,13,16
澳,06FB3,水 ,13,16
澴,06FB4,水 ,13,16
澶,06FB6,水 ,13,16
澹,06FB9,水 ,13,16
澼,06FBC,水 ,13,16
激,06FC0,水 ,13,16
濁,06FC1,水 ,13,16
濂,06FC2,水 ,13,16
濃,06FC3,水 ,13,16
濆,06FC6,水 ,12,15
濇,06FC7,水 ,13,16
濈,06FC8,水 ,13,16
濊,06FCA,水 ,13,16
濌,06FCC,水 ,13,17
濔,06FD4,水 ,14,17
濕,06FD5,水 ,14,17
濘,06FD8,水 ,14,17
濛,06FDB,水 ,14,17
濜,06FDC,水 ,14,17
濞,06FDE,水 ,14,17
濟,06FDF,水 ,14,17
濠,06FE0,水 ,14,17
濡,06FE1,水 ,14,17
濤,06FE4,水 ,14,17
濩,06FE9,水 ,14,17
濫,06FEB,水 ,14,17
濬,06FEC,水 ,14,17
濮,06FEE,水 ,14,17
濯,06FEF,水 ,14,17
濰,06FF0,水 ,14,17
濱,06FF1,水 ,14,17
濵,06FF5,水 ,14,17
濶,06FF6,水 ,14,17
濺,06FFA,水 ,15,18
濼,06FFC,水 ,15,18
濾,06FFE,水 ,15,18
瀁,07001,水 ,15,18
瀄,07004,水 ,13,16
瀅,07005,水 ,15,18
瀆,07006,水 ,15,18
瀇,07007,水 ,15,18
瀉,07009,水 ,15,18
瀋,0700B,水 ,15,18
瀌,0700C,水 ,15,18
瀍,0700D,水 ,15,18
瀏,0700F,水 ,15,18
瀑,07011,水 ,15,18
瀕,07015,水 ,16,19
瀘,07018,水 ,16,19
瀚,0701A,水 ,16,19
瀛,0701B,水 ,16,19
瀝,0701D,水 ,16,19
瀟,0701F,水 ,16,19
瀠,07020,水 ,16,19
瀡,07021,水 ,16,19
瀣,07023,水 ,16,19
瀦,07026,水 ,15,18
瀧,07027,水 ,16,19
瀨,07028,水 ,16,19
瀯,0702F,水 ,17,20
瀰,07030,水 ,17,20
瀲,07032,水 ,17,20
瀳,07033,水 ,17,20
瀵,07035,水 ,17,20
瀸,07038,水 ,17,20
瀹,07039,水 ,17,20
瀺,0703A,水 ,17,20
瀼,0703C,水 ,17,20
瀽,0703D,水 ,17,20
瀾,0703E,水 ,17,20
瀿,0703F,水 ,17,20
灂,07042,水 ,17,20
灃,07043,水 ,18,21
灄,07044,水 ,18,21
灉,07049,水 ,18,21
灊,0704A,水 ,18,21
灋,0704B,水 ,18,21
灌,0704C,水 ,18,21
灑,07051,水 ,19,22
灕,07055,水 ,19,22
灖,07056,水 ,19,22
灘,07058,水 ,19,22
灛,0705B,水 ,20,23
灝,0705D,水 ,21,24
灞,0705E,水 ,21,24
灣,07063,水 ,22,25
灤,07064,水 ,23,26
灧,07067,水 ,24,27
灨,07068,水 ,24,27
灩,07069,水 ,28,31
火,0706B,火 ,0,4
灯,0706F,火 ,2,6
灰,07070,火 ,2,6
灶,07076,火 ,3,7
灸,07078,火 ,3,7
灺,0707A,火 ,3,7
灼,0707C,火 ,3,7
災,0707D,火 ,3,7
灾,0707E,火 ,3,7
炅,07085,火 ,4,8
炉,07089,火 ,4,8
炊,0708A,火 ,4,8
炎,0708E,火 ,4,8
炒,07092,火 ,4,8
炔,07094,火 ,4,8
炕,07095,火 ,4,8
炘,07098,火 ,4,8
炙,07099,火 ,4,8
炤,070A4,火 ,5,9
炫,070AB,火 ,5,9
炬,070AC,火 ,5,9
炭,070AD,火 ,5,9
炮,070AE,火 ,5,9
炯,070AF,火 ,5,9
炰,070B0,火 ,5,9
炱,070B1,火 ,5,9
炳,070B3,火 ,5,9
炷,070B7,火 ,5,9
炸,070B8,火 ,5,9
点,070B9,火 ,5,9
為,070BA,火 ,5,9
烈,070C8,火 ,6,10
烊,070CA,火 ,6,10
烋,070CB,火 ,6,10
烏,070CF,火 ,6,10
烕,070D5,火 ,6,10
烖,070D6,火 ,6,10
烘,070D8,火 ,6,10
烙,070D9,火 ,6,10
烛,070DB,火 ,6,10
烜,070DC,火 ,6,10
烝,070DD,火 ,6,10
烟,070DF,火 ,6,10
烤,070E4,火 ,6,10
烩,070E9,火 ,6,10
烬,070EC,火 ,6,10
热,070ED,火 ,6,10
烯,070EF,火 ,7,11
烱,070F1,火 ,7,11
烴,070F4,火 ,7,11
烷,070F7,火 ,7,11
烹,070F9,火 ,7,11
烺,070FA,火 ,7,11
烽,070FD,火 ,7,11
焄,07104,火 ,7,11
焉,07109,火 ,7,11
焊,0710A,火 ,7,11
焌,0710C,火 ,7,11
焐,07110,火 ,7,11
焗,07117,火 ,7,11
焙,07119,火 ,8,12
焚,0711A,火 ,8,12
焜,0711C,火 ,8,12
焞,0711E,火 ,8,12
焠,07120,火 ,8,12
無,07121,火 ,8,12
焦,07126,火 ,8,12
焮,0712E,火 ,8,12
焯,0712F,火 ,8,12
焰,07130,火 ,8,12
焱,07131,火 ,8,12
然,07136,火 ,8,12
焿,0713F,火 ,8,12
煁,07141,火 ,9,13
煅,07145,火 ,9,13
煆,07146,火 ,9,13
煇,07147,火 ,9,13
煉,07149,火 ,9,13
煌,0714C,火 ,9,13
煎,0714E,火 ,9,13
煏,0714F,火 ,9,13
煑,07151,火 ,8,12
煒,07152,火 ,9,13
煖,07156,火 ,9,13
煙,07159,火 ,9,13
煜,0715C,火 ,9,13
煞,0715E,火 ,9,13
煠,07160,火 ,9,13
煢,07162,火 ,9,13
煣,07163,火 ,9,13
煤,07164,火 ,9,13
煥,07165,火 ,9,13
煦,07166,火 ,9,13
照,07167,火 ,9,13
煨,07168,火 ,9,13
煩,07169,火 ,9,13
煬,0716C,火 ,9,13
煮,0716E,火 ,8,12
煲,07172,火 ,9,13
煻,0717B,火 ,10,14
煽,0717D,火 ,10,14
熄,07184,火 ,10,14
熅,07185,火 ,10,14
熇,07187,火 ,10,14
熊,0718A,火 ,10,14
熏,0718F,火 ,10,14
熒,07192,火 ,10,14
熔,07194,火 ,10,14
熗,07197,火 ,10,14
熙,07199,火 ,10,14
熛,0719B,火 ,11,15
熟,0719F,火 ,11,15
熠,071A0,火 ,11,15
熨,071A8,火 ,11,15
熬,071AC,火 ,11,15
熯,071AF,火 ,11,15
熰,071B0,火 ,11,15
熱,071B1,火 ,11,15
熲,071B2,火 ,11,15
熸,071B8,火 ,12,16
熹,071B9,火 ,12,16
熺,071BA,火 ,12,16
熾,071BE,火 ,12,16
燀,071C0,火 ,12,16
燁,071C1,火 ,12,16
燂,071C2,火 ,12,16
燃,071C3,火 ,12,16
燄,071C4,火 ,12,16
燈,071C8,火 ,12,16
燉,071C9,火 ,12,16
燊,071CA,火 ,12,16
燋,071CB,火 ,12,16
燎,071CE,火 ,12,16
燐,071D0,火 ,12,16
燒,071D2,火 ,12,16
燔,071D4,火 ,12,16
燕,071D5,火 ,12,16
燖,071D6,火 ,12,16
燙,071D9,火 ,12,16
燜,071DC,火 ,12,16
營,071DF,火 ,13,17
燠,071E0,火 ,13,17
燡,071E1,火 ,13,17
燥,071E5,火 ,13,17
燦,071E6,火 ,13,17
燧,071E7,火 ,13,17
燬,071EC,火 ,13,17
燭,071ED,火 ,13,17
燮,071EE,火 ,13,17
燴,071F4,火 ,13,17
燵,071F5,火 ,13,17
燹,071F9,火 ,14,18
燻,071FB,火 ,14,18
燼,071FC,火 ,14,18
燾,071FE,火 ,14,18
燿,071FF,火 ,14,18
爁,07201,火 ,14,18
爂,07202,火 ,15,19
爆,07206,火 ,15,19
爇,07207,火 ,15,19
爊,0720A,火 ,15,19
爍,0720D,火 ,15,19
爐,07210,火 ,16,20
爓,07213,火 ,16,20
爗,07217,火 ,16,20
爚,0721A,火 ,17,21
爛,0721B,火 ,17,21
爝,0721D,火 ,17,21
爟,0721F,火 ,18,22
爢,07222,火 ,19,23
爣,07223,火 ,20,24
爨,07228,火 ,25,29
爪,0722A,爪 ,0,4
爬,0722C,爪 ,4,8
爭,0722D,爪 ,4,8
爰,07230,爪 ,5,9
爲,07232,爪 ,8,12
爵,07235,爪 ,13,17
父,07236,父 ,0,4
爸,07238,父 ,4,8
爹,07239,父 ,6,10
爺,0723A,父 ,9,13
爻,0723B,爻 ,0,4
爽,0723D,爻 ,7,11
爾,0723E,爻 ,10,14
爿,0723F,爿 ,0,4
牀,07240,爿 ,4,8
牁,07241,爿 ,5,9
牂,07242,爿 ,6,10
牄,07244,爿 ,10,14
牆,07246,爿 ,13,17
片,07247,片 ,0,4
版,07248,片 ,4,8
牉,07249,片 ,5,9
牋,0724B,片 ,8,12
牌,0724C,片 ,8,12
牎,0724E,片 ,9,13
牒,07252,片 ,9,13
牓,07253,片 ,10,14
牕,07255,片 ,11,15
牖,07256,片 ,11,15
牘,07258,片 ,15,19
牙,07259,牙 ,0,4
牚,0725A,牙 ,8,12
牛,0725B,牛 ,0,4
牝,0725D,牛 ,2,6
牟,0725F,牛 ,2,6
牠,07260,牛 ,3,7
牡,07261,牛 ,3,7
牢,07262,牛 ,3,7
牣,07263,牛 ,3,7
牧,07267,牛 ,4,8
物,07269,牛 ,4,8
牬,0726C,牛 ,4,8
牮,0726E,牛 ,5,9
牯,0726F,牛 ,5,9
牲,07272,牛 ,5,9
牴,07274,牛 ,5,9
牷,07277,牛 ,6,10
牸,07278,牛 ,6,10
特,07279,牛 ,6,10
牻,0727B,牛 ,7,11
牼,0727C,牛 ,7,11
牽,0727D,牛 ,7,11
牾,0727E,牛 ,7,11
牿,0727F,牛 ,7,11
犀,07280,牛 ,8,12
犁,07281,牛 ,7,11
犂,07282,牛 ,8,12
犄,07284,牛 ,8,12
犅,07285,牛 ,8,12
犆,07286,牛 ,8,12
犇,07287,牛 ,8,12
犉,07289,牛 ,8,12
犍,0728D,牛 ,9,13
犎,0728E,牛 ,9,13
犒,07292,牛 ,10,14
犕,07295,牛 ,10,14
犖,07296,牛 ,10,14
犗,07297,牛 ,10,14
犘,07298,牛 ,11,15
犛,0729B,牛 ,11,15
犢,072A2,牛 ,15,19
犦,072A6,牛 ,15,19
犧,072A7,牛 ,16,20
犨,072A8,牛 ,16,20
犫,072AB,牛 ,23,27
犬,072AC,犬 ,0,4
犮,072AE,犬 ,1,5
犯,072AF,犬 ,2,5
犰,072B0,犬 ,2,5
犴,072B4,犬 ,3,6
犵,072B5,犬 ,3,6
犹,072B9,犬 ,4,7
犺,072BA,犬 ,4,7
犼,072BC,犬 ,4,7
犽,072BD,犬 ,4,7
犿,072BF,犬 ,4,7
狀,072C0,犬 ,4,8
狁,072C1,犬 ,4,7
狂,072C2,犬 ,4,7
狃,072C3,犬 ,4,7
狄,072C4,犬 ,4,7
狉,072C9,犬 ,5,8
狋,072CB,犬 ,5,8
狌,072CC,犬 ,5,8
狎,072CE,犬 ,5,8
狐,072D0,犬 ,5,8
狒,072D2,犬 ,5,8
狖,072D6,犬 ,5,8
狗,072D7,犬 ,5,8
狙,072D9,犬 ,5,8
狛,072DB,犬,5,8
狟,072DF,犬 ,6,9
狠,072E0,犬 ,6,9
狡,072E1,犬 ,6,9
狢,072E2,犬 ,6,9
狧,072E7,犬 ,6,9
狨,072E8,犬 ,6,9
狩,072E9,犬 ,6,9
狫,072EB,犬 ,6,9
独,072EC,犬 ,6,9
狯,072EF,犬 ,6,9
狳,072F3,犬 ,7,10
狴,072F4,犬 ,7,10
狶,072F6,犬 ,7,10
狷,072F7,犬 ,7,10
狸,072F8,犬 ,7,10
狹,072F9,犬 ,7,10
狺,072FA,犬 ,7,10
狻,072FB,犬 ,7,10
狼,072FC,犬 ,7,10
狽,072FD,犬 ,7,10
猀,07300,犬 ,7,10
猁,07301,犬 ,7,10
猇,07307,犬 ,8,11
猊,0730A,犬 ,8,11
猋,0730B,犬 ,8,12
猍,0730D,犬 ,8,11
猒,07312,犬 ,8,12
猓,07313,犬 ,8,11
猕,07315,犬 ,8,11
猖,07316,犬 ,8,11
猗,07317,犬 ,8,11
猘,07318,犬 ,8,11
猙,07319,犬 ,8,11
猛,0731B,犬 ,8,11
猜,0731C,犬 ,8,11
猝,0731D,犬 ,8,11
猞,0731E,犬 ,8,11
猢,07322,犬 ,9,12
猥,07325,犬 ,9,12
猧,07327,犬 ,9,12
猨,07328,犬 ,9,12
猩,07329,犬 ,9,12
猪,0732A,犬 ,8,11
猫,0732B,犬 ,9,12
猬,0732C,犬 ,9,12
献,0732E,犬 ,9,13
猯,0732F,犬 ,9,12
猰,07330,犬 ,9,12
猱,07331,犬 ,9,12
猲,07332,犬 ,9,12
猳,07333,犬 ,9,12
猴,07334,犬 ,9,12
猵,07335,犬 ,9,12
猶,07336,犬 ,9,12
猷,07337,犬 ,9,13
猺,0733A,犬 ,10,13
猻,0733B,犬 ,10,13
猼,0733C,犬 ,10,13
猾,0733E,犬 ,10,13
猿,0733F,犬 ,10,13
獃,07343,犬 ,10,14
獄,07344,犬 ,11,14
獅,07345,犬 ,10,13
獉,07349,犬 ,10,13
獋,0734B,犬 ,12,15
獌,0734C,犬 ,11,14
獍,0734D,犬 ,11,14
獎,0734E,犬 ,11,15
獏,0734F,犬 ,11,14
獐,07350,犬 ,11,14
獑,07351,犬 ,11,14
獒,07352,犬 ,11,15
獕,07355,犬 ,11,14
獗,07357,犬 ,12,15
獝,0735D,犬 ,12,15
獠,07360,犬 ,12,15
獡,07361,犬 ,12,15
獨,07368,犬 ,13,16
獪,0736A,犬 ,13,16
獫,0736B,犬 ,13,16
獬,0736C,犬 ,13,16
獮,0736E,犬 ,14,17
獯,0736F,犬 ,14,17
獰,07370,犬 ,14,17
獲,07372,犬 ,14,17
獵,07375,犬 ,15,18
獶,07376,犬 ,15,18
獷,07377,犬 ,15,18
獸,07378,犬 ,15,19
獺,0737A,犬 ,16,19
獻,0737B,犬 ,16,20
獼,0737C,犬 ,17,20
獾,0737E,犬 ,18,21
玀,07380,犬 ,19,22
玁,07381,犬 ,20,23
玃,07383,犬 ,20,23
玄,07384,玄 ,0,5
玅,07385,玄 ,4,9
率,07387,玄 ,6,11
玈,07388,玄 ,6,11
玉,07389,玉 ,0,5
王,0738B,玉 ,0,4
玍,0738D,丿 ,4,5
玎,0738E,玉 ,2,6
玓,07393,玉 ,3,7
玕,07395,玉 ,3,7
玖,07396,玉 ,3,7
玗,07397,玉 ,3,7
玟,0739F,玉 ,4,8
玠,073A0,玉 ,4,8
玢,073A2,玉 ,4,8
玤,073A4,玉 ,4,8
玥,073A5,玉 ,4,8
玦,073A6,玉 ,4,8
玨,073A8,玉 ,4,8
玩,073A9,玉 ,4,8
玫,073AB,玉 ,4,8
玭,073AD,玉 ,4,8
环,073AF,玉 ,4,8
玲,073B2,玉 ,5,9
玳,073B3,玉 ,5,9
玷,073B7,玉 ,5,9
玻,073BB,玉 ,5,9
玼,073BC,玉 ,6,10
珀,073C0,玉 ,5,9
珂,073C2,玉 ,5,9
珈,073C8,玉 ,5,9
珉,073C9,玉 ,5,9
珊,073CA,玉 ,5,9
珌,073CC,玉 ,5,9
珍,073CD,玉 ,5,9
珎,073CE,玉 ,5,9
珏,073CF,玉 ,5,9
珐,073D0,玉 ,5,9
珓,073D3,玉 ,6,10
珙,073D9,玉 ,6,10
珞,073DE,玉 ,6,10
珠,073E0,玉 ,6,10
珡,073E1,玉 ,6,10
珣,073E3,玉 ,6,10
珥,073E5,玉 ,6,10
珧,073E7,玉 ,6,10
珩,073E9,玉 ,6,10
珪,073EA,玉 ,6,10
班,073ED,玉 ,6,10
珮,073EE,玉 ,6,10
珵,073F5,玉 ,7,11
珽,073FD,玉 ,7,11
現,073FE,玉 ,7,11
琀,07400,玉 ,7,11
球,07403,玉 ,7,11
琅,07405,玉 ,7,11
理,07406,玉 ,7,11
琇,07407,玉 ,7,11
琉,07409,玉 ,6,10
琊,0740A,玉 ,7,11
琍,0740D,玉 ,7,11
琖,07416,玉 ,8,12
琚,0741A,玉 ,8,12
琛,0741B,玉 ,8,12
琢,07422,玉 ,8,12
琤,07424,玉 ,8,12
琥,07425,玉 ,8,12
琦,07426,玉 ,8,12
琨,07428,玉 ,8,12
琪,0742A,玉 ,8,12
琫,0742B,玉 ,8,12
琬,0742C,玉 ,8,12
琭,0742D,玉 ,8,12
琮,0742E,玉 ,8,12
琯,0742F,玉 ,8,12
琰,07430,玉 ,8,12
琱,07431,玉 ,8,12
琲,07432,玉 ,8,12
琳,07433,玉 ,8,12
琴,07434,玉 ,8,12
琵,07435,玉 ,8,12
琶,07436,玉 ,8,12
琹,07439,木 ,8,12
琺,0743A,玉 ,8,12
琼,0743C,玉 ,8,12
琿,0743F,玉 ,9,13
瑀,07440,玉 ,9,13
瑁,07441,玉 ,9,13
瑄,07444,玉 ,9,13
瑇,07447,玉 ,8,12
瑉,07449,玉 ,9,13
瑊,0744A,玉 ,9,13
瑋,0744B,玉 ,9,13
瑑,07451,玉 ,9,13
瑒,07452,玉 ,9,13
瑕,07455,玉 ,9,13
瑗,07457,玉 ,9,13
瑙,07459,玉 ,9,13
瑚,0745A,玉 ,9,13
瑛,0745B,玉 ,9,13
瑜,0745C,玉 ,9,13
瑞,0745E,玉 ,9,13
瑟,0745F,玉 ,9,13
瑢,07462,玉 ,10,14
瑣,07463,玉 ,10,14
瑤,07464,玉 ,10,14
瑩,07469,玉 ,10,15
瑪,0746A,玉 ,10,14
瑯,0746F,玉 ,9,13
瑰,07470,玉 ,10,14
瑱,07471,玉 ,10,14
瑲,07472,玉 ,10,14
瑳,07473,玉 ,10,14
瑽,0747D,玉 ,11,15
瑾,0747E,玉 ,11,15
瑿,0747F,玉 ,11,16
璀,07480,玉 ,11,15
璁,07481,玉 ,11,15
璃,07483,玉 ,11,15
璅,07485,玉 ,11,15
璆,07486,玉 ,11,15
璇,07487,玉 ,11,15
璈,07488,玉 ,11,15
璉,07489,玉 ,11,15
璊,0748A,玉 ,11,15
璋,0748B,玉 ,11,15
璐,07490,玉 ,13,17
璘,07498,玉 ,12,16
璚,0749A,玉 ,12,16
璜,0749C,玉 ,12,16
璞,0749E,玉 ,12,16
璟,0749F,玉 ,12,16
璠,074A0,玉 ,12,16
璣,074A3,玉 ,12,16
璦,074A6,玉 ,13,17
璧,074A7,玉 ,13,18
璨,074A8,玉 ,13,17
璩,074A9,玉 ,13,17
璪,074AA,玉 ,13,17
璫,074AB,玉 ,13,17
環,074B0,玉 ,13,17
璱,074B1,玉 ,13,17
璲,074B2,玉 ,13,17
璵,074B5,玉 ,14,18
璺,074BA,玉 ,14,19
璽,074BD,玉 ,14,19
璿,074BF,玉 ,14,18
瓀,074C0,玉 ,14,18
瓅,074C5,玉 ,15,19
瓈,074C8,玉 ,15,19
瓊,074CA,玉 ,15,19
瓌,074CC,玉 ,16,20
瓏,074CF,玉 ,16,20
瓓,074D3,玉 ,17,21
瓔,074D4,玉 ,17,21
瓖,074D6,玉 ,17,21
瓘,074D8,玉 ,18,22
瓚,074DA,玉 ,19,23
瓛,074DB,玉 ,20,24
瓜,074DC,瓜 ,0,5
瓝,074DD,瓜 ,3,9
瓞,074DE,瓜 ,5,10
瓟,074DF,瓜 ,5,10
瓠,074E0,瓜 ,6,11
瓢,074E2,瓜 ,11,16
瓣,074E3,瓜 ,14,19
瓤,074E4,瓜 ,17,22
瓦,074E6,瓦 ,0,5
瓫,074EB,瓦 ,4,9
瓬,074EC,瓦 ,4,9
瓮,074EE,瓦 ,4,9
瓱,074F1,瓦,4,9
瓲,074F2,瓦,4,9
瓴,074F4,瓦 ,5,10
瓶,074F6,瓦 ,6,11
瓷,074F7,瓦 ,6,11
瓻,074FB,瓦 ,7,12
瓽,074FD,瓦 ,8,13
瓾,074FE,瓦 ,8,13
瓿,074FF,瓦 ,8,13
甁,07501,瓦 ,8,13
甃,07503,瓦 ,9,14
甄,07504,瓦 ,9,14
甆,07506,瓦 ,9,14
甋,0750B,瓦 ,11,16
甌,0750C,瓦 ,11,16
甍,0750D,瓦 ,11,16
甎,0750E,瓦 ,11,16
甑,07511,瓦 ,12,17
甒,07512,瓦 ,12,17
甓,07513,瓦 ,13,18
甔,07514,瓦 ,13,18
甕,07515,瓦 ,13,18
甖,07516,瓦 ,14,19
甗,07517,瓦 ,16,21
甘,07518,甘 ,0,5
甚,0751A,甘 ,4,9
甛,0751B,甘 ,6,11
甜,0751C,甘 ,6,11
甞,0751E,甘 ,8,13
生,0751F,生 ,0,5
甡,07521,生 ,5,10
產,07522,生 ,6,11
甤,07524,生 ,7,12
甥,07525,生 ,7,12
甦,07526,生 ,7,12
用,07528,用 ,0,5
甩,07529,用 ,0,5
甪,0752A,用 ,1,6
甫,0752B,用 ,2,7
甬,0752C,用 ,2,7
甭,0752D,用 ,4,9
甯,0752F,用 ,7,12
田,07530,田 ,0,5
由,07531,田 ,0,5
甲,07532,田 ,0,5
申,07533,田 ,0,5
电,07535,乙 ,4,5
男,07537,田 ,2,7
甸,07538,田 ,2,7
甹,07539,田 ,2,7
町,0753A,田 ,2,7
画,0753B,田 ,3,8
甽,0753D,田 ,3,8
甾,0753E,田 ,3,8
甿,0753F,田 ,3,8
畀,07540,田 ,3,8
畄,07544,田 ,3,8
畆,07546,田 ,4,9
畇,07547,田 ,4,9
畋,0754B,田 ,4,9
界,0754C,田 ,4,9
畎,0754E,田 ,4,9
畏,0754F,田 ,4,9
畑,07551,田,4,9
畔,07554,田 ,5,10
留,07559,田 ,5,10
畚,0755A,田 ,5,10
畛,0755B,田 ,5,10
畜,0755C,田 ,5,10
畝,0755D,田 ,5,10
畟,0755F,田 ,5,10
畠,07560,田,5,10
畢,07562,田 ,6,11
畤,07564,田 ,6,11
略,07565,田 ,6,11
畦,07566,田 ,6,11
畧,07567,田 ,6,11
番,0756A,田 ,7,12
畫,0756B,田 ,7,12
畬,0756C,田 ,7,12
畮,0756E,田 ,7,12
畯,0756F,田 ,7,12
異,07570,田 ,6,11
畱,07571,田 ,7,12
當,07576,田 ,8,13
畷,07577,田 ,8,13
畸,07578,田 ,8,13
畹,07579,田 ,8,13
畺,0757A,田 ,8,13
畽,0757D,田 ,9,14
畿,0757F,田 ,10,15
疁,07581,田 ,11,16
疃,07583,田 ,12,17
疆,07586,田 ,14,19
疇,07587,田 ,14,19
疊,0758A,田 ,17,22
疋,0758B,疋 ,0,5
疎,0758E,疋 ,7,12
疏,0758F,疋 ,6,11
疐,07590,疋 ,9,14
疑,07591,疋 ,9,14
疒,07592,疒 ,0,5
疔,07594,疒 ,2,7
疙,07599,疒 ,3,8
疚,0759A,疒 ,3,8
疝,0759D,疒 ,3,8
疢,075A2,疒 ,4,9
疣,075A3,疒 ,4,9
疤,075A4,疒 ,4,9
疥,075A5,疒 ,4,9
疧,075A7,疒 ,4,9
疫,075AB,疒 ,4,9
疰,075B0,疒 ,5,10
疱,075B1,疒 ,5,10
疲,075B2,疒 ,5,10
疳,075B3,疒 ,5,10
疴,075B4,疒 ,5,10
疵,075B5,疒 ,6,11
疸,075B8,疒 ,5,10
疹,075B9,疒 ,5,10
疻,075BB,疒 ,5,10
疼,075BC,疒 ,5,10
疽,075BD,疒 ,5,10
疾,075BE,疒 ,5,10
疿,075BF,疒 ,5,10
痀,075C0,疒 ,5,10
痁,075C1,疒 ,5,10
痂,075C2,疒 ,5,10
痃,075C3,疒 ,5,10
痄,075C4,疒 ,5,10
病,075C5,疒 ,5,10
痆,075C6,疒 ,5,10
症,075C7,疒 ,5,10
痊,075CA,疒 ,6,11
痌,075CC,疒 ,6,11
痍,075CD,疒 ,6,11
痎,075CE,疒 ,6,11
痏,075CF,疒 ,6,11
痒,075D2,疒 ,6,11
痒,075D2,疒 ,6,11
痔,075D4,疒 ,6,11
痕,075D5,疒 ,6,11
痗,075D7,疒 ,7,12
痘,075D8,疒 ,7,12
痙,075D9,疒 ,7,12
痛,075DB,疒 ,7,12
痝,075DD,疒 ,7,12
痞,075DE,疒 ,7,12
痠,075E0,疒 ,7,12
痡,075E1,疒 ,7,12
痢,075E2,疒 ,7,12
痣,075E3,疒 ,7,12
痤,075E4,疒 ,7,12
痦,075E6,疒 ,7,12
痧,075E7,疒 ,7,12
痯,075EF,疒 ,8,13
痰,075F0,疒 ,8,13
痱,075F1,疒 ,8,13
痲,075F2,疒 ,8,13
痳,075F3,疒 ,8,13
痴,075F4,疒 ,8,13
痶,075F6,疒 ,8,13
痹,075F9,疒 ,8,13
痺,075FA,疒 ,8,13
痻,075FB,疒 ,8,13
痼,075FC,疒 ,8,13
痾,075FE,疒 ,8,13
痿,075FF,疒 ,8,13
瘀,07600,疒 ,8,13
瘁,07601,疒 ,8,13
瘂,07602,疒 ,8,13
瘃,07603,疒 ,8,13
瘇,07607,疒 ,9,14
瘈,07608,疒 ,9,14
瘉,07609,疒 ,9,14
瘊,0760A,疒 ,9,14
瘋,0760B,疒 ,9,14
瘌,0760C,疒 ,9,14
瘍,0760D,疒 ,9,14
瘏,0760F,疒 ,8,13
瘐,07610,疒 ,8,13
瘓,07613,疒 ,9,14
瘕,07615,疒 ,9,14
瘖,07616,疒 ,9,14
瘘,07618,疒 ,9,14
瘙,07619,疒 ,10,15
瘛,0761B,疒 ,10,15
瘜,0761C,疒 ,10,15
瘝,0761D,疒 ,10,15
瘞,0761E,疒 ,10,15
瘟,0761F,疒 ,10,15
瘠,07620,疒 ,10,15
瘡,07621,疒 ,10,15
瘢,07622,疒 ,10,15
瘣,07623,疒 ,10,15
瘤,07624,疒 ,10,15
瘥,07625,疒 ,10,15
瘦,07626,疒 ,10,15
瘧,07627,疒 ,9,14
瘨,07628,疒 ,10,15
瘩,07629,疒 ,10,15
瘭,0762D,疒 ,11,16
瘯,0762F,疒 ,11,16
瘰,07630,疒 ,11,16
瘱,07631,疒 ,11,16
瘲,07632,疒 ,11,16
瘳,07633,疒 ,11,16
瘴,07634,疒 ,11,16
瘵,07635,疒 ,11,16
瘸,07638,疒 ,11,16
瘺,0763A,疒 ,11,16
瘻,0763B,疒 ,11,16
瘼,0763C,疒 ,11,16
療,07642,疒 ,12,17
癃,07643,疒 ,12,17
癆,07646,疒 ,12,17
癇,07647,疒 ,12,17
癈,07648,疒 ,12,17
癉,07649,疒 ,12,17
癌,0764C,疒 ,12,17
癑,07651,疒 ,13,18
癒,07652,疒 ,13,18
癔,07654,疒 ,13,18
癖,07656,疒 ,13,18
癘,07658,疒 ,13,18
癙,07659,疒 ,13,18
癜,0765C,疒 ,13,18
癟,0765F,疒 ,14,19
癠,07660,疒 ,14,19
癡,07661,疒 ,14,19
癢,07662,疒 ,15,20
癤,07664,疒 ,13,18
癥,07665,疒 ,15,20
癩,07669,疒 ,16,21
癬,0766C,疒 ,17,22
癭,0766D,疒 ,17,22
癮,0766E,疒 ,17,22
癯,0766F,疒 ,18,23
癰,07670,疒 ,18,23
癱,07671,疒 ,19,24
癲,07672,疒 ,19,24
癶,07676,癶 ,0,5
癸,07678,癶 ,4,9
癹,07679,癶 ,4,9
登,0767B,癶 ,7,12
發,0767C,癶 ,7,12
白,0767D,白 ,0,5
百,0767E,白 ,1,6
皀,07680,白 ,2,7
皁,07681,白 ,2,7
皂,07682,白 ,2,7
皃,07683,白 ,2,7
的,07684,白 ,3,8
皆,07686,白 ,4,9
皇,07687,白 ,4,9
皈,07688,白 ,4,9
皋,0768B,白 ,5,10
皎,0768E,白 ,6,11
皐,07690,白 ,6,11
皓,07693,白 ,7,12
皕,07695,白 ,7,12
皖,07696,白 ,7,12
皙,07699,白 ,8,13
皚,0769A,白 ,10,15
皜,0769C,白 ,10,15
皞,0769E,白 ,10,15
皤,076A4,白 ,12,17
皥,076A5,白 ,12,17
皦,076A6,白 ,13,18
皫,076AB,白 ,15,20
皭,076AD,白 ,17,22
皮,076AE,皮 ,0,5
皯,076AF,皮 ,3,8
皰,076B0,皮 ,5,10
皱,076B1,皮 ,5,10
皴,076B4,皮 ,7,12
皶,076B6,皮 ,9,14
皷,076B7,皮 ,9,14
皸,076B8,皮 ,9,14
皺,076BA,皮 ,10,15
皻,076BB,皮 ,11,16
皽,076BD,皮 ,13,18
皿,076BF,皿 ,0,5
盂,076C2,皿 ,3,8
盃,076C3,皿 ,4,9
盅,076C5,皿 ,4,9
盆,076C6,皿 ,4,9
盇,076C7,皿 ,4,9
盈,076C8,皿 ,4,9
盉,076C9,皿 ,5,10
益,076CA,皿 ,5,10
盋,076CB,皿 ,5,10
盌,076CC,皿 ,5,10
盍,076CD,皿 ,5,10
盎,076CE,皿 ,5,10
盒,076D2,皿 ,6,11
盔,076D4,皿 ,6,11
盖,076D6,皿 ,6,11
盛,076DB,皿 ,6,11
盜,076DC,皿 ,7,12
盝,076DD,皿 ,8,13
盞,076DE,皿 ,8,13
盟,076DF,皿 ,8,13
盡,076E1,皿 ,9,14
監,076E3,皿 ,9,14
盤,076E4,皿 ,10,15
盥,076E5,皿 ,11,16
盦,076E6,皿 ,11,16
盧,076E7,皿 ,11,16
盩,076E9,皿 ,12,17
盪,076EA,皿 ,12,17
盬,076EC,皿 ,13,18
盭,076ED,皿 ,15,20
目,076EE,目 ,0,5
盯,076EF,目 ,2,7
盱,076F1,目 ,3,8
盲,076F2,目 ,3,8
盳,076F3,目 ,3,8
直,076F4,目 ,3,8
相,076F8,目 ,4,9
盹,076F9,目 ,4,9
盻,076FB,目 ,4,9
盼,076FC,目 ,4,9
盾,076FE,目 ,4,9
眀,07700,目 ,4,9
省,07701,目 ,4,9
眄,07704,目 ,4,9
眇,07707,目 ,4,9
眈,07708,目 ,4,9
眉,07709,目 ,4,9
眊,0770A,目 ,4,9
看,0770B,目 ,4,9
眎,0770E,目 ,5,10
眕,07715,目 ,5,10
眙,07719,目 ,5,10
眚,0771A,目 ,5,10
眛,0771B,目 ,5,10
眝,0771D,目 ,5,10
眞,0771E,目 ,5,10
真,0771F,目 ,5,10
眠,07720,目 ,5,10
眡,07721,目 ,5,10
眢,07722,目 ,5,10
眥,07725,目 ,6,11
眦,07726,目 ,6,11
眨,07728,目 ,5,10
眩,07729,目 ,5,10
眭,0772D,目 ,6,11
眯,0772F,目 ,6,11
眲,07732,目 ,6,11
眴,07734,目 ,6,11
眵,07735,目 ,6,11
眶,07736,目 ,6,11
眷,07737,目 ,6,11
眸,07738,目 ,6,11
眹,07739,目 ,6,11
眺,0773A,目 ,6,11
眼,0773C,目 ,6,11
眽,0773D,目 ,6,11
眾,0773E,目 ,6,11
睂,07742,目 ,7,12
睃,07743,目 ,7,12
睄,07744,目 ,7,12
睅,07745,目 ,7,12
睆,07746,目 ,7,12
睇,07747,目 ,7,12
睊,0774A,目 ,7,12
睋,0774B,目 ,7,12
睍,0774D,目 ,7,12
睎,0774E,目 ,7,12
睏,0774F,目 ,7,12
睒,07752,目 ,8,13
睗,07757,目 ,8,13
睘,07758,目 ,8,13
睚,0775A,目 ,8,13
睛,0775B,目 ,8,13
睜,0775C,目 ,8,13
睞,0775E,目 ,8,13
睟,0775F,目 ,8,13
睠,07760,目 ,8,13
睡,07761,目 ,9,14
睢,07762,目 ,8,13
督,07763,目 ,8,13
睥,07765,目 ,8,13
睦,07766,目 ,8,13
睨,07768,目 ,8,13
睩,07769,目 ,8,13
睪,0776A,目 ,8,13
睫,0776B,目 ,8,13
睬,0776C,目 ,8,13
睮,0776E,目 ,9,14
睹,07779,目 ,8,13
睺,0777A,目 ,9,14
睽,0777D,目 ,9,14
睾,0777E,目 ,9,14
睿,0777F,目 ,9,14
瞀,07780,目 ,9,14
瞂,07782,目 ,9,14
瞄,07784,目 ,9,14
瞅,07785,目 ,9,14
瞇,07787,目 ,10,15
瞋,0778B,目 ,10,15
瞌,0778C,目 ,10,15
瞍,0778D,目 ,10,15
瞎,0778E,目 ,10,15
瞏,0778F,目 ,10,15
瞑,07791,目 ,10,15
瞖,07796,目 ,11,16
瞘,07798,目 ,11,16
瞚,0779A,目 ,11,16
瞞,0779E,目 ,11,16
瞟,0779F,目 ,11,16
瞠,077A0,目 ,11,16
瞢,077A2,目 ,11,16
瞤,077A4,目 ,12,17
瞥,077A5,目 ,11,16
瞧,077A7,目 ,12,17
瞪,077AA,目 ,12,17
瞫,077AB,目 ,12,17
瞬,077AC,目 ,12,17
瞭,077AD,目 ,12,17
瞰,077B0,目 ,12,17
瞳,077B3,目 ,12,17
瞵,077B5,目 ,12,17
瞶,077B6,目 ,12,17
瞷,077B7,目 ,12,17
瞻,077BB,目 ,13,18
瞼,077BC,目 ,13,18
瞽,077BD,目 ,13,18
瞿,077BF,目 ,13,18
矁,077C1,目 ,13,18
矇,077C7,目 ,14,19
矉,077C9,目 ,14,19
矊,077CA,目 ,14,19
矍,077CD,目 ,15,20
矎,077CE,目 ,15,20
矐,077D0,目 ,16,21
矓,077D3,目 ,16,21
矔,077D4,目 ,18,23
矕,077D5,目 ,19,24
矗,077D7,目 ,19,24
矘,077D8,目 ,20,25
矚,077DA,目 ,21,26
矛,077DB,矛 ,0,5
矜,077DC,矛 ,4,9
矞,077DE,矛 ,7,12
矟,077DF,矛 ,7,12
矢,077E2,矢 ,0,5
矣,077E3,矢 ,2,7
知,077E5,矢 ,3,8
矦,077E6,人 ,7,9
矧,077E7,矢 ,4,9
矩,077E9,矢 ,5,10
矫,077EB,矢 ,6,11
矬,077EC,矢 ,7,12
短,077ED,矢 ,7,12
矮,077EE,矢 ,8,13
矯,077EF,矢 ,12,17
矰,077F0,矢 ,12,17
矱,077F1,矢 ,14,19
矲,077F2,矢 ,15,20
石,077F3,石 ,0,5
矸,077F8,石 ,3,8
矻,077FB,石 ,3,8
矼,077FC,石 ,3,8
矽,077FD,石 ,3,8
砂,07802,石 ,4,9
砈,07808,石 ,4,9
砉,07809,石 ,4,9
砌,0780C,石 ,4,9
砍,0780D,石 ,4,9
砐,07810,石 ,4,9
砑,07811,石 ,4,9
砒,07812,石 ,4,9
研,07814,石 ,4,9
砝,0781D,石 ,5,10
砟,0781F,石 ,5,10
砠,07820,石 ,5,10
砢,07822,石 ,5,10
砣,07823,石 ,5,10
砥,07825,石 ,5,10
砦,07826,石 ,6,11
砧,07827,石 ,5,10
砫,0782B,石 ,5,10
砭,0782D,石 ,5,10
砮,0782E,石 ,5,10
砰,07830,石 ,5,10
砲,07832,石 ,5,10
破,07834,石 ,5,10
砵,07835,石 ,5,10
砷,07837,石 ,5,10
砸,07838,石 ,5,10
硃,07843,石 ,6,11
硅,07845,石 ,6,11
硇,07847,石 ,6,11
硉,07849,石 ,6,11
硌,0784C,石 ,6,11
硎,0784E,石 ,6,11
硏,0784F,石 ,6,11
硒,07852,石 ,6,11
硜,0785C,石 ,7,12
硝,0785D,石 ,7,12
硤,07864,石 ,7,12
硥,07865,石 ,7,12
硨,07868,石 ,7,12
硪,0786A,石 ,7,12
硫,0786B,石 ,6,11
硬,0786C,石 ,7,12
硭,0786D,石 ,7,12
确,0786E,石 ,7,12
硯,0786F,石 ,7,12
硶,07876,石 ,7,12
硼,0787C,石 ,8,13
碁,07881,石 ,8,13
碆,07886,石 ,8,13
碇,07887,石 ,8,13
碉,07889,石 ,8,13
碌,0788C,石 ,8,13
碍,0788D,石 ,8,13
碎,0788E,石 ,8,13
碏,0788F,石 ,8,13
碑,07891,石 ,8,13
碓,07893,石 ,8,13
碔,07894,石 ,8,13
碕,07895,石 ,8,13
碗,07897,石 ,8,13
碘,07898,石 ,8,13
碚,0789A,石 ,8,13
碞,0789E,石 ,9,14
碟,0789F,石 ,9,14
碡,078A1,石 ,8,13
碣,078A3,石 ,9,14
碥,078A5,石 ,9,14
碧,078A7,石 ,9,14
碩,078A9,石 ,9,14
碪,078AA,石 ,9,14
碫,078AB,石 ,9,14
碭,078AD,石 ,9,14
碯,078AF,石 ,9,14
碰,078B0,石 ,8,13
碱,078B1,石 ,9,14
碲,078B2,石 ,9,14
碳,078B3,石 ,9,14
碴,078B4,石 ,9,14
確,078BA,石 ,10,15
碻,078BB,石 ,10,15
碼,078BC,石 ,10,15
碾,078BE,石 ,10,15
磁,078C1,石 ,9,14
磅,078C5,石 ,10,15
磈,078C8,石 ,10,15
磉,078C9,石 ,10,15
磊,078CA,石 ,10,15
磋,078CB,石 ,10,15
磌,078CC,石 ,10,15
磎,078CE,石 ,10,15
磏,078CF,石 ,10,15
磐,078D0,石 ,10,15
磑,078D1,石 ,10,15
磔,078D4,石 ,10,15
磕,078D5,石 ,10,15
磚,078DA,石 ,11,16
磞,078DE,石 ,11,16
磠,078E0,石 ,11,16
磣,078E3,石 ,11,16
磧,078E7,石 ,11,16
磨,078E8,石 ,11,16
磪,078EA,石 ,11,16
磬,078EC,石 ,11,16
磯,078EF,石 ,12,17
磲,078F2,石 ,12,17
磴,078F4,石 ,12,17
磶,078F6,石 ,12,17
磷,078F7,石 ,12,17
磺,078FA,石 ,12,17
磻,078FB,石 ,12,17
磼,078FC,石 ,12,17
磽,078FD,石 ,12,17
磾,078FE,石 ,12,17
礁,07901,石 ,12,17
礄,07904,石 ,12,17
礉,07909,石 ,13,18
礌,0790C,石 ,13,18
礎,0790E,石 ,13,18
礓,07913,石 ,13,18
礙,07919,石 ,14,19
礛,0791B,石 ,14,19
礞,0791E,石 ,14,19
礤,07924,石 ,15,20
礦,07926,石 ,15,20
礧,07927,石 ,15,20
礧,07927,石 ,15,20
礨,07928,石 ,15,20
礩,07929,石 ,15,20
礪,0792A,石 ,15,20
礫,0792B,石 ,15,20
礬,0792C,石 ,15,20
礮,0792E,石 ,16,21
礱,07931,石 ,16,21
礴,07934,石 ,17,22
示,0793A,示 ,0,5
礼,0793C,示 ,1,6
礽,0793D,示 ,2,7
社,0793E,示 ,3,8
礿,0793F,示 ,3,8
祀,07940,示 ,3,8
祁,07941,示 ,3,8
祂,07942,示 ,3,8
祅,07945,示 ,4,9
祆,07946,示 ,4,9
祇,07947,示 ,4,9
祈,07948,示 ,4,9
祉,07949,示 ,4,9
祊,0794A,示 ,4,9
祏,0794F,示 ,5,10
祐,07950,示 ,5,10
祓,07953,示 ,5,10
祔,07954,示 ,5,10
祕,07955,示 ,5,10
祖,07956,示 ,5,10
祗,07957,示 ,5,10
祚,0795A,示 ,5,10
祛,0795B,示 ,5,10
祜,0795C,示 ,5,10
祝,0795D,示 ,5,10
神,0795E,示 ,5,10
祟,0795F,示 ,5,10
祠,07960,示 ,5,10
祡,07961,示 ,6,11
祢,07962,示 ,5,10
祥,07965,示 ,6,11
祧,07967,示 ,6,11
票,07968,示 ,6,11
祫,0796B,示 ,6,11
祭,0796D,示 ,6,11
祲,07972,示 ,7,12
祷,07977,示 ,7,12
祺,0797A,示 ,8,13
祼,0797C,示 ,8,13
祿,0797F,示 ,8,13
禀,07980,示 ,8,13
禁,07981,示 ,8,13
禊,0798A,示 ,9,14
禋,0798B,示 ,9,14
禍,0798D,示 ,9,14
禎,0798E,示 ,9,14
福,0798F,示 ,9,14
禓,07993,示 ,9,14
禔,07994,示 ,9,14
禕,07995,示 ,9,14
禖,07996,示 ,9,14
禘,07998,示 ,9,14
禚,0799A,示 ,10,15
禛,0799B,示 ,10,15
禜,0799C,示 ,10,15
禡,079A1,示 ,10,15
禦,079A6,示 ,11,16
禧,079A7,示 ,12,17
禨,079A8,示 ,12,17
禩,079A9,示 ,11,16
禪,079AA,示 ,12,17
禫,079AB,示 ,12,17
禬,079AC,示 ,13,18
禮,079AE,示 ,13,18
禰,079B0,示 ,14,19
禱,079B1,示 ,14,19
禳,079B3,示 ,17,22
禴,079B4,示 ,17,22
禷,079B7,示 ,19,24
禸,079B8,禸 ,0,5
禹,079B9,禸 ,4,9
禺,079BA,禸 ,4,9
禼,079BC,禸 ,7,12
禽,079BD,禸 ,8,13
禾,079BE,禾 ,0,5
禿,079BF,禾 ,2,7
秀,079C0,禾 ,2,7
私,079C1,禾 ,2,7
秃,079C3,禾 ,2,7
秆,079C6,禾 ,3,8
秈,079C8,禾 ,3,8
秉,079C9,禾 ,3,8
秊,079CA,禾 ,3,8
秋,079CB,禾 ,4,9
秌,079CC,禾 ,4,9
种,079CD,禾 ,4,9
种,079CD,禾 ,4,9
秎,079CE,禾 ,4,9
秏,079CF,禾 ,4,9
科,079D1,禾 ,4,9
秒,079D2,禾 ,4,9
秔,079D4,禾 ,4,9
秕,079D5,禾 ,4,9
秖,079D6,禾 ,4,9
秘,079D8,禾 ,5,10
租,079DF,禾 ,5,10
秠,079E0,禾 ,5,10
秣,079E3,禾 ,5,10
秤,079E4,禾 ,5,10
秦,079E6,禾 ,5,10
秧,079E7,禾 ,5,10
秩,079E9,禾 ,5,10
秫,079EB,禾 ,5,10
秬,079EC,禾 ,5,10
秭,079ED,禾 ,5,10
称,079F0,禾 ,5,10
秸,079F8,禾 ,6,11
移,079FB,禾 ,6,11
稀,07A00,禾 ,7,12
稂,07A02,禾 ,7,12
稃,07A03,禾 ,7,12
稅,07A05,禾 ,7,12
稈,07A08,禾 ,7,12
稉,07A09,禾 ,7,12
稊,07A0A,禾 ,7,12
程,07A0B,禾 ,7,12
稌,07A0C,禾 ,7,12
稍,07A0D,禾 ,7,12
稑,07A11,禾 ,8,13
稔,07A14,禾 ,8,13
稗,07A17,禾 ,8,13
稘,07A18,禾 ,8,13
稙,07A19,禾 ,8,13
稚,07A1A,禾 ,8,13
稛,07A1B,禾 ,8,13
稜,07A1C,禾 ,8,13
稞,07A1E,禾 ,8,13
稟,07A1F,禾 ,8,13
稠,07A20,禾 ,8,13
稨,07A28,禾 ,9,14
稬,07A2C,禾 ,9,14
稭,07A2D,禾 ,9,14
種,07A2E,禾 ,9,14
稰,07A30,禾 ,9,14
稱,07A31,禾 ,9,14
稳,07A33,禾 ,9,14
稷,07A37,禾 ,10,15
稹,07A39,禾 ,10,15
稻,07A3B,禾 ,10,15
稼,07A3C,禾 ,10,15
稽,07A3D,禾 ,10,15
稾,07A3E,禾 ,10,15
稿,07A3F,禾 ,10,15
穀,07A40,禾 ,10,15
穄,07A44,禾 ,11,16
穅,07A45,禾 ,11,16
穆,07A46,禾 ,11,16
穈,07A48,禾 ,11,16
穊,07A4A,禾 ,9,14
穋,07A4B,禾 ,11,16
穌,07A4C,禾 ,11,16
積,07A4D,禾 ,11,16
穎,07A4E,禾 ,11,16
穗,07A57,禾 ,12,17
穛,07A5B,禾 ,12,17
穜,07A5C,禾 ,12,17
穟,07A5F,禾 ,13,18
穠,07A60,禾 ,13,18
穡,07A61,禾 ,13,18
穢,07A62,禾 ,13,18
穤,07A64,禾 ,14,19
穧,07A67,禾 ,14,19
穩,07A69,禾 ,14,19
穫,07A6B,禾 ,14,19
穮,07A6E,禾 ,15,20
穰,07A70,禾 ,17,22
穴,07A74,穴 ,0,5
究,07A76,穴 ,2,7
穷,07A77,穴 ,2,7
穸,07A78,穴 ,3,8
穹,07A79,穴 ,3,8
空,07A7A,穴 ,3,8
穽,07A7D,穴 ,4,9
穾,07A7E,穴 ,4,9
穿,07A7F,穴 ,4,9
窀,07A80,穴 ,4,9
突,07A81,穴 ,4,9
窃,07A83,穴 ,4,9
窄,07A84,穴 ,5,10
窅,07A85,穴 ,5,10
窆,07A86,穴 ,5,10
窈,07A88,穴 ,5,10
窊,07A8A,穴 ,5,10
窋,07A8B,穴 ,5,10
窐,07A90,穴 ,6,11
窒,07A92,穴 ,6,11
窓,07A93,穴 ,6,11
窔,07A94,穴 ,6,11
窕,07A95,穴 ,6,11
窖,07A96,穴 ,7,12
窗,07A97,穴 ,7,12
窘,07A98,穴 ,7,12
窞,07A9E,穴 ,8,13
窟,07A9F,穴 ,8,13
窠,07AA0,穴 ,8,13
窣,07AA3,穴 ,8,13
窨,07AA8,穴 ,9,14
窩,07AA9,穴 ,9,14
窪,07AAA,穴 ,9,14
窬,07AAC,穴 ,9,14
窮,07AAE,穴 ,10,15
窯,07AAF,穴 ,10,15
窰,07AB0,穴 ,10,15
窳,07AB3,穴 ,10,15
窵,07AB5,穴 ,11,16
窶,07AB6,穴 ,11,16
窸,07AB8,穴 ,11,16
窺,07ABA,穴 ,11,16
窻,07ABB,穴 ,11,16
窾,07ABE,穴 ,12,17
窿,07ABF,穴 ,12,17
竁,07AC1,穴 ,12,17
竄,07AC4,穴 ,13,18
竅,07AC5,穴 ,13,18
竇,07AC7,穴 ,15,20
竈,07AC8,穴 ,16,21
竊,07ACA,穴 ,18,23
立,07ACB,立 ,0,5
竑,07AD1,立 ,4,9
竒,07AD2,立 ,4,9
竘,07AD8,立 ,5,10
站,07AD9,立 ,5,10
竚,07ADA,立 ,5,10
竝,07ADD,立 ,5,10
竟,07ADF,音 ,2,11
章,07AE0,音 ,2,11
竢,07AE2,立 ,7,12
竣,07AE3,立 ,7,12
童,07AE5,立 ,7,12
竦,07AE6,立 ,7,12
竪,07AEA,立 ,8,13
竫,07AEB,立 ,8,13
竭,07AED,立 ,9,14
端,07AEF,立 ,9,14
竱,07AF1,立 ,11,16
競,07AF6,立 ,15,20
竷,07AF7,立 ,15,20
竹,07AF9,竹 ,0,6
竺,07AFA,竹 ,2,8
竽,07AFD,竹 ,3,9
竾,07AFE,竹 ,3,9
竿,07AFF,竹 ,3,9
笄,07B04,竹 ,4,10
笅,07B05,竹 ,4,10
笆,07B06,竹 ,4,10
笈,07B08,竹 ,4,10
笊,07B0A,竹 ,4,10
笋,07B0B,竹 ,4,10
笏,07B0F,竹 ,4,10
笐,07B10,竹 ,4,10
笑,07B11,竹 ,4,10
笔,07B14,竹 ,4,10
笘,07B18,竹 ,5,11
笙,07B19,竹 ,5,11
笛,07B1B,竹 ,5,11
笞,07B1E,竹 ,5,11
笠,07B20,竹 ,5,11
笢,07B22,竹 ,5,11
笤,07B24,竹 ,5,11
笥,07B25,竹 ,5,11
符,07B26,竹 ,5,11
笨,07B28,竹 ,5,11
笫,07B2B,竹 ,5,11
第,07B2C,竹 ,5,11
笭,07B2D,竹 ,5,11
笮,07B2E,竹 ,5,11
笯,07B2F,竹 ,5,11
笱,07B31,竹 ,5,11
笲,07B32,竹 ,5,11
笳,07B33,竹 ,5,11
笴,07B34,竹 ,5,11
笵,07B35,竹 ,5,11
笸,07B38,竹 ,5,11
笹,07B39,竹,5,11
筅,07B45,竹 ,6,12
筆,07B46,竹 ,6,12
筇,07B47,竹 ,6,12
筈,07B48,竹 ,6,12
等,07B49,竹 ,6,12
筊,07B4A,竹 ,6,12
筋,07B4B,竹 ,6,12
筌,07B4C,竹 ,6,12
筍,07B4D,竹 ,6,12
筏,07B4F,竹 ,6,12
筐,07B50,竹 ,6,12
筑,07B51,竹 ,6,12
筒,07B52,竹 ,6,12
筓,07B53,竹 ,6,12
答,07B54,竹 ,6,12
策,07B56,竹 ,6,12
筞,07B5E,竹 ,7,13
筠,07B60,竹 ,7,13
筢,07B62,竹 ,7,13
筤,07B64,竹 ,7,13
筥,07B65,竹 ,7,13
筦,07B66,竹 ,7,13
筧,07B67,竹 ,7,13
筭,07B6D,竹 ,7,13
筮,07B6E,竹 ,7,13
筯,07B6F,竹 ,7,13
筰,07B70,竹 ,7,13
筱,07B71,竹 ,7,13
筲,07B72,竹 ,7,13
筳,07B73,竹 ,7,13
筴,07B74,竹 ,7,13
筵,07B75,竹 ,8,14
筷,07B77,竹 ,7,13
箄,07B84,竹 ,8,14
箅,07B85,竹 ,8,14
箇,07B87,竹 ,8,14
箇,07B87,竹 ,8,14
箋,07B8B,竹 ,8,14
箍,07B8D,竹 ,8,14
箏,07B8F,竹 ,8,14
箐,07B90,竹 ,8,14
箑,07B91,竹 ,8,14
箒,07B92,竹 ,8,14
箔,07B94,竹 ,8,14
箕,07B95,竹 ,8,14
算,07B97,竹 ,8,14
箘,07B98,竹 ,8,14
箙,07B99,竹 ,8,14
箜,07B9C,竹 ,8,14
箝,07B9D,竹 ,8,14
箠,07BA0,竹 ,9,15
管,07BA1,竹 ,8,14
箩,07BA9,竹 ,8,14
箬,07BAC,竹 ,9,15
箭,07BAD,竹 ,9,15
箯,07BAF,竹 ,9,15
箱,07BB1,竹 ,9,15
箴,07BB4,竹 ,9,15
箸,07BB8,竹 ,8,14
箾,07BBE,竹 ,9,15
節,07BC0,竹 ,7,13
篁,07BC1,竹 ,9,15
範,07BC4,竹 ,9,15
篆,07BC6,竹 ,9,15
篇,07BC7,竹 ,9,15
築,07BC9,竹 ,10,16
篋,07BCB,竹 ,9,15
篌,07BCC,竹 ,9,15
篓,07BD3,竹 ,9,15
篔,07BD4,竹 ,10,16
篘,07BD8,竹 ,10,16
篙,07BD9,竹 ,10,16
篚,07BDA,竹 ,10,16
篛,07BDB,竹 ,10,16
篝,07BDD,竹 ,10,16
篠,07BE0,竹 ,11,17
篡,07BE1,竹 ,10,16
篣,07BE3,竹 ,10,16
篤,07BE4,竹 ,10,16
篥,07BE5,竹 ,10,16
篦,07BE6,竹 ,10,16
篨,07BE8,竹 ,10,16
篩,07BE9,竹 ,10,16
篪,07BEA,竹 ,10,16
篰,07BF0,竹 ,11,17
篱,07BF1,竹 ,11,17
篲,07BF2,竹 ,11,17
篳,07BF3,竹 ,11,17
篷,07BF7,竹 ,11,17
篸,07BF8,竹 ,11,17
篹,07BF9,竹 ,10,16
篺,07BFA,竹 ,11,17
篻,07BFB,竹 ,11,17
篼,07BFC,竹 ,11,17
篽,07BFD,竹 ,11,17
篾,07BFE,竹 ,11,17
篿,07BFF,竹 ,11,17
簀,07C00,竹 ,11,17
簃,07C03,竹 ,11,17
簆,07C06,竹 ,11,17
簇,07C07,竹 ,11,17
簉,07C09,竹 ,11,17
簋,07C0B,竹 ,11,17
簌,07C0C,竹 ,11,17
簍,07C0D,竹 ,11,17
簎,07C0E,竹 ,11,17
簏,07C0F,竹 ,11,17
簑,07C11,竹 ,10,16
簓,07C13,竹,11,17
簗,07C17,竹,11,17
簘,07C18,竹 ,11,17
簙,07C19,竹 ,12,18
簜,07C1C,竹 ,12,18
簞,07C1E,竹 ,12,18
簟,07C1F,竹 ,12,18
簠,07C20,竹 ,12,18
簡,07C21,竹 ,12,18
簣,07C23,竹 ,12,18
簦,07C26,竹 ,12,18
簧,07C27,竹 ,12,18
簨,07C28,竹 ,12,18
簪,07C2A,竹 ,12,18
簫,07C2B,竹 ,12,18
簬,07C2C,竹 ,13,19
簭,07C2D,竹 ,12,18
簰,07C30,竹 ,12,18
簳,07C33,竹 ,13,19
簷,07C37,竹 ,13,19
簸,07C38,竹 ,13,19
簹,07C39,竹 ,13,19
簺,07C3A,竹 ,13,19
簽,07C3D,竹 ,13,19
簾,07C3E,竹 ,13,19
簿,07C3F,竹 ,13,19
籀,07C40,竹 ,13,19
籃,07C43,竹 ,14,20
籉,07C49,竹 ,14,20
籊,07C4A,竹 ,14,20
籋,07C4B,竹 ,14,20
籌,07C4C,竹 ,14,20
籍,07C4D,竹 ,14,20
籐,07C50,竹 ,15,21
籑,07C51,竹 ,15,21
籒,07C52,竹 ,15,21
籓,07C53,竹 ,15,21
籔,07C54,竹 ,15,21
籖,07C56,竹 ,15,21
籙,07C59,竹 ,16,22
籛,07C5B,竹 ,16,22
籜,07C5C,竹 ,16,22
籝,07C5D,竹 ,16,22
籞,07C5E,竹 ,16,22
籟,07C5F,竹 ,16,22
籠,07C60,竹 ,16,22
籣,07C63,竹 ,17,23
籤,07C64,竹 ,17,23
籥,07C65,竹 ,17,23
籧,07C67,竹 ,17,23
籩,07C69,竹 ,19,25
籪,07C6A,竹 ,18,24
籬,07C6C,竹 ,19,25
籮,07C6E,竹 ,19,25
籯,07C6F,竹 ,20,26
籰,07C70,竹 ,20,26
籲,07C72,竹 ,26,32
米,07C73,米 ,0,6
籴,07C74,米 ,2,8
籸,07C78,米 ,3,9
籹,07C79,米 ,3,9
籹,07C79,米 ,3,9
籺,07C7A,米 ,3,9
籽,07C7D,米 ,3,9
籾,07C7E,米,3,9
粂,07C82,米,3,9
粃,07C83,米 ,4,10
粄,07C84,米 ,4,10
粉,07C89,米 ,4,10
粑,07C91,米 ,4,10
粒,07C92,米 ,5,11
粔,07C94,米 ,5,11
粕,07C95,米 ,5,11
粗,07C97,米 ,5,11
粘,07C98,米 ,5,11
粛,07C9B,聿 ,6,11
粜,07C9C,米 ,5,11
粞,07C9E,米 ,6,12
粟,07C9F,米 ,6,12
粢,07CA2,米 ,6,12
粥,07CA5,米 ,6,12
粧,07CA7,米 ,6,12
粮,07CAE,米 ,7,13
粰,07CB0,米 ,7,13
粱,07CB1,米 ,7,13
粲,07CB2,米 ,7,13
粳,07CB3,米 ,7,13
粵,07CB5,米 ,7,13
粹,07CB9,米 ,8,14
粺,07CBA,米 ,8,14
粻,07CBB,米 ,8,14
粼,07CBC,米 ,8,14
粽,07CBD,米 ,8,14
精,07CBE,米 ,8,14
粿,07CBF,米 ,8,14
糀,07CC0,米,8,14
糅,07CC5,米 ,9,15
糇,07CC7,米 ,9,15
糈,07CC8,米 ,9,15
糉,07CC9,米 ,9,15
糊,07CCA,米 ,9,15
糌,07CCC,米 ,9,15
糍,07CCD,米 ,9,15
糒,07CD2,米 ,10,16
糕,07CD5,米 ,10,16
糖,07CD6,米 ,10,16
糗,07CD7,米 ,10,16
糙,07CD9,米 ,11,17
糜,07CDC,米 ,11,17
糝,07CDD,米 ,11,17
糞,07CDE,米 ,11,17
糟,07CDF,米 ,11,17
糠,07CE0,米 ,11,17
糡,07CE1,米 ,11,17
糢,07CE2,米 ,11,17
糧,07CE7,米 ,12,18
糨,07CE8,米 ,11,17
糪,07CEA,米 ,13,19
糬,07CEC,米 ,13,19
糯,07CEF,米 ,14,20
糰,07CF0,米 ,14,20
糱,07CF1,米 ,16,22
糲,07CF2,米 ,15,21
糴,07CF4,米 ,16,22
糵,07CF5,米 ,17,23
糶,07CF6,米 ,19,25
糸,07CF8,糸 ,0,6
糸,07CF8,糸 ,0,6
系,07CFB,糸 ,1,7
糾,07CFE,糸 ,2,8
紀,07D00,糸 ,3,9
紂,07D02,糸 ,3,9
紃,07D03,糸 ,3,9
約,07D04,糸 ,3,9
紅,07D05,糸 ,3,9
紆,07D06,糸 ,3,9
紇,07D07,糸 ,3,9
紈,07D08,糸 ,3,9
紉,07D09,糸 ,3,9
紊,07D0A,糸 ,4,10
紋,07D0B,糸 ,4,10
納,07D0D,糸 ,4,10
紐,07D10,糸 ,4,10
紑,07D11,糸 ,4,10
紒,07D12,糸 ,4,10
紓,07D13,糸 ,4,10
純,07D14,糸 ,4,10
紕,07D15,糸 ,4,10
紖,07D16,糸 ,4,10
紗,07D17,糸 ,4,10
紘,07D18,糸 ,4,10
紙,07D19,糸 ,4,10
級,07D1A,糸 ,4,10
紛,07D1B,糸 ,4,10
紜,07D1C,糸 ,4,10
紝,07D1D,糸 ,4,10
紞,07D1E,糸 ,4,10
紟,07D1F,糸 ,4,10
素,07D20,糸 ,4,10
紡,07D21,糸 ,4,10
索,07D22,糸 ,4,10
紥,07D25,糸 ,4,10
紩,07D29,糸 ,5,11
紫,07D2B,糸 ,6,12
紬,07D2C,糸 ,5,11
紮,07D2E,糸 ,5,11
累,07D2F,糸 ,5,11
細,07D30,糸 ,5,11
紱,07D31,糸 ,5,11
紲,07D32,糸 ,5,11
紳,07D33,糸 ,5,11
紵,07D35,糸 ,5,11
紸,07D38,糸 ,5,11
紹,07D39,糸 ,5,11
紺,07D3A,糸 ,5,11
紼,07D3C,糸 ,5,11
紽,07D3D,糸 ,5,11
紾,07D3E,糸 ,5,11
紿,07D3F,糸 ,5,11
絀,07D40,糸 ,5,11
絁,07D41,糸 ,5,11
終,07D42,糸 ,5,11
絃,07D43,糸 ,5,11
組,07D44,糸 ,5,11
絅,07D45,糸 ,5,11
絆,07D46,糸 ,5,11
絇,07D47,糸 ,5,11
絍,07D4D,糸 ,6,12
絎,07D4E,糸 ,6,12
絏,07D4F,糸 ,6,12
結,07D50,糸 ,6,12
絓,07D53,糸 ,6,12
絕,07D55,糸 ,6,12
絖,07D56,糸 ,6,12
絚,07D5A,糸 ,6,12
絛,07D5B,糸 ,7,13
絜,07D5C,糸 ,6,12
絝,07D5D,糸 ,6,12
絞,07D5E,糸 ,6,12
絡,07D61,糸 ,6,12
絢,07D62,糸 ,6,12
絣,07D63,糸 ,6,12
給,07D66,糸 ,6,12
絨,07D68,糸 ,6,12
絪,07D6A,糸 ,6,12
絮,07D6E,糸 ,6,12
絰,07D70,糸 ,6,12
統,07D71,糸 ,5,11
絲,07D72,糸 ,6,12
絳,07D73,糸 ,6,12
絵,07D75,糸 ,6,12
絹,07D79,糸 ,7,13
絺,07D7A,糸 ,7,13
絻,07D7B,糸 ,7,13
絿,07D7F,糸 ,7,13
綀,07D80,糸 ,7,13
綁,07D81,糸 ,7,13
綃,07D83,糸 ,7,13
綅,07D85,糸 ,7,13
綆,07D86,糸 ,7,13
綈,07D88,糸 ,7,13
綉,07D89,糸 ,7,13
綌,07D8C,糸 ,7,13
綍,07D8D,糸 ,7,13
綎,07D8E,糸 ,7,13
綏,07D8F,糸 ,7,13
綑,07D91,糸 ,7,13
經,07D93,糸 ,7,13
綖,07D96,糸 ,8,14
継,07D99,糸 ,7,13
綜,07D9C,糸 ,8,14
綝,07D9D,糸 ,8,14
綞,07D9E,糸 ,9,15
綟,07D9F,糸 ,8,14
綠,07DA0,糸 ,8,14
綢,07DA2,糸 ,8,14
綣,07DA3,糸 ,8,14
綦,07DA6,糸 ,8,14
綪,07DAA,糸 ,8,14
綫,07DAB,糸 ,8,14
綬,07DAC,糸 ,8,14
維,07DAD,糸 ,8,14
綮,07DAE,糸 ,8,14
綯,07DAF,糸 ,8,14
綰,07DB0,糸 ,8,14
綱,07DB1,糸 ,8,14
網,07DB2,糸 ,8,14
綳,07DB3,糸 ,8,14
綴,07DB4,糸 ,8,14
綵,07DB5,糸 ,8,14
綷,07DB7,糸 ,8,14
綸,07DB8,糸 ,8,14
綹,07DB9,糸 ,8,14
綺,07DBA,糸 ,8,14
綻,07DBB,糸 ,8,14
綼,07DBC,糸 ,8,14
綽,07DBD,糸 ,8,14
綾,07DBE,糸 ,8,14
綿,07DBF,糸 ,8,14
緄,07DC4,糸 ,8,14
緅,07DC5,糸 ,8,14
緆,07DC6,糸 ,8,14
緇,07DC7,糸 ,8,14
緉,07DC9,糸 ,8,14
緊,07DCA,糸 ,8,14
緋,07DCB,糸 ,8,14
緌,07DCC,糸 ,8,14
緍,07DCD,糸 ,8,14
緎,07DCE,糸 ,8,14
総,07DCF,糸 ,8,14
緐,07DD0,糸 ,8,14
緑,07DD1,糸 ,8,14
緒,07DD2,糸 ,8,14
緗,07DD7,糸 ,9,15
緘,07DD8,糸 ,9,15
緙,07DD9,糸 ,9,15
線,07DDA,糸 ,9,15
緜,07DDC,糸 ,9,15
緝,07DDD,糸 ,9,15
緞,07DDE,糸 ,9,15
締,07DE0,糸 ,9,15
緡,07DE1,糸 ,9,15
緣,07DE3,糸 ,9,15
緤,07DE4,糸 ,9,15
緥,07DE5,糸 ,9,15
緦,07DE6,糸 ,9,15
緧,07DE7,糸 ,9,15
編,07DE8,糸 ,9,15
緩,07DE9,糸 ,9,15
緪,07DEA,糸 ,9,15
緫,07DEB,糸 ,9,15
緫,07DEB,糸 ,9,15
緬,07DEC,糸 ,9,15
緯,07DEF,糸 ,9,15
緱,07DF1,糸 ,9,15
緲,07DF2,糸 ,9,15
練,07DF4,糸 ,9,15
緶,07DF6,糸 ,9,15
緹,07DF9,糸 ,9,15
緺,07DFA,糸 ,9,15
緻,07DFB,糸 ,9,15
緾,07DFE,糸 ,9,15
縁,07E01,糸 ,9,15
縅,07E05,糸,9,15
縈,07E08,糸 ,10,16
縉,07E09,糸 ,10,16
縊,07E0A,糸 ,10,16
縋,07E0B,糸 ,10,16
縏,07E0F,糸 ,10,16
縐,07E10,糸 ,10,16
縑,07E11,糸 ,10,16
縓,07E13,糸 ,10,16
縕,07E15,糸 ,10,16
縗,07E17,糸 ,10,16
縛,07E1B,糸 ,10,16
縝,07E1D,糸 ,10,16
縞,07E1E,糸 ,10,16
縟,07E1F,糸 ,10,16
縠,07E20,糸 ,10,16
縢,07E22,糸 ,10,16
縣,07E23,糸 ,10,16
縧,07E27,糸 ,11,17
縩,07E29,糸 ,11,17
縪,07E2A,糸 ,11,17
縫,07E2B,糸 ,11,17
縭,07E2D,糸 ,11,17
縮,07E2E,糸 ,11,17
縰,07E30,糸 ,11,17
縱,07E31,糸 ,11,17
縲,07E32,糸 ,11,17
縳,07E33,糸 ,11,17
縴,07E34,糸 ,11,17
縵,07E35,糸 ,11,17
縶,07E36,糸 ,11,17
縷,07E37,糸 ,11,17
縹,07E39,糸 ,11,17
縻,07E3B,糸 ,11,17
總,07E3D,糸 ,11,17
績,07E3E,糸 ,11,17
縿,07E3F,糸 ,11,17
繁,07E41,糸 ,11,17
繃,07E43,糸 ,11,17
繄,07E44,糸 ,11,17
繅,07E45,糸 ,11,17
繆,07E46,糸 ,11,17
繇,07E47,糸 ,11,17
繈,07E48,糸 ,11,17
繍,07E4D,糸 ,11,17
繐,07E50,糸 ,12,18
繑,07E51,糸 ,12,18
繒,07E52,糸 ,12,18
織,07E54,糸 ,12,18
繕,07E55,糸 ,12,18
繖,07E56,糸 ,12,18
繘,07E58,糸 ,12,18
繙,07E59,糸 ,12,18
繚,07E5A,糸 ,12,18
繜,07E5C,糸 ,12,18
繞,07E5E,糸 ,12,18
繟,07E5F,糸 ,12,18
繠,07E60,糸 ,12,18
繡,07E61,糸 ,12,18
繢,07E62,糸 ,12,18
繣,07E63,糸 ,12,18
繦,07E66,糸 ,12,18
繧,07E67,糸,12,18
繨,07E68,糸 ,13,19
繩,07E69,糸 ,13,19
繪,07E6A,糸 ,13,19
繫,07E6B,糸 ,13,19
繭,07E6D,糸 ,13,19
繮,07E6E,糸 ,13,19
繯,07E6F,糸 ,13,19
繰,07E70,糸 ,13,19
繳,07E73,糸 ,13,19
繴,07E74,糸 ,13,19
繵,07E75,糸 ,13,19
繶,07E76,糸 ,13,19
繸,07E78,糸 ,13,19
繹,07E79,糸 ,13,19
繻,07E7B,糸 ,14,20
繼,07E7C,糸 ,14,20
繽,07E7D,糸 ,14,20
繾,07E7E,糸 ,14,20
纀,07E80,糸 ,14,20
纁,07E81,糸 ,14,20
纂,07E82,糸 ,14,20
纆,07E86,糸 ,15,21
纇,07E87,糸 ,15,21
纈,07E88,糸 ,15,21
纊,07E8A,糸 ,15,21
纋,07E8B,糸 ,15,21
續,07E8C,糸 ,15,21
纍,07E8D,糸 ,15,21
纎,07E8E,糸 ,15,21
纏,07E8F,糸 ,15,21
纐,07E90,糸,15,21
纑,07E91,糸 ,16,22
纒,07E92,糸 ,14,20
纓,07E93,糸 ,17,23
纔,07E94,糸 ,17,23
纕,07E95,糸 ,17,23
纖,07E96,糸 ,17,23
纘,07E98,糸 ,19,25
纚,07E9A,糸 ,19,25
纛,07E9B,糸 ,18,24
纜,07E9C,糸 ,21,27
缶,07F36,缶 ,0,6
缸,07F38,缶 ,3,9
缹,07F39,火 ,6,10
缺,07F3A,缶 ,4,10
缽,07F3D,缶 ,5,11
缾,07F3E,缶 ,6,12
缿,07F3F,缶 ,6,12
罃,07F43,缶 ,10,16
罄,07F44,缶 ,11,17
罅,07F45,缶 ,11,17
罇,07F47,缶 ,12,18
罈,07F48,缶 ,12,18
罋,07F4B,缶 ,13,19
罌,07F4C,缶 ,14,20
罍,07F4D,缶 ,15,21
罎,07F4E,缶 ,16,22
罏,07F4F,缶 ,16,22
罐,07F50,缶 ,18,24
网,07F51,网 ,0,6
罔,07F54,网 ,3,8
罕,07F55,网 ,3,7
罗,07F57,网 ,3,8
罘,07F58,网 ,4,9
罛,07F5B,网 ,5,10
罜,07F5C,网 ,5,10
罝,07F5D,网 ,5,10
罞,07F5E,网 ,5,10
罟,07F5F,网 ,5,10
罠,07F60,网 ,5,10
罡,07F61,网 ,5,10
罢,07F62,网 ,5,10
罣,07F63,网 ,6,11
罥,07F65,网 ,7,12
罦,07F66,网 ,7,12
罨,07F68,网 ,8,13
罩,07F69,网 ,8,13
罪,07F6A,网 ,8,13
罫,07F6B,网 ,8,13
罬,07F6C,网 ,8,13
罭,07F6D,网 ,8,13
置,07F6E,网 ,8,13
罰,07F70,网 ,9,14
罱,07F71,网 ,9,14
署,07F72,网 ,8,13
罳,07F73,网 ,9,14
罵,07F75,网 ,10,15
罶,07F76,网 ,10,15
罷,07F77,网 ,10,15
罸,07F78,网 ,10,15
罹,07F79,网 ,11,16
罺,07F7A,网 ,11,16
罻,07F7B,网 ,11,16
罽,07F7D,网 ,12,17
罾,07F7E,网 ,12,17
罿,07F7F,网 ,12,17
羅,07F85,网 ,14,19
羆,07F86,网 ,14,19
羇,07F87,网 ,17,22
羈,07F88,网 ,19,24
羉,07F89,网 ,19,24
羊,07F8A,羊 ,0,6
羋,07F8B,羊 ,2,8
羌,07F8C,羊 ,2,8
美,07F8E,羊 ,3,9
羑,07F91,羊 ,3,9
羓,07F93,羊 ,4,10
羔,07F94,羊 ,4,10
羕,07F95,羊 ,5,11
羖,07F96,羊 ,4,10
羗,07F97,羊 ,4,10
羙,07F99,羊 ,4,10
羚,07F9A,羊 ,5,11
羜,07F9C,羊 ,5,11
羝,07F9D,羊 ,5,11
羞,07F9E,羊 ,5,11
羢,07FA2,羊 ,6,12
羣,07FA3,羊 ,7,13
群,07FA4,羊 ,7,13
羥,07FA5,羊 ,7,13
羧,07FA7,羊 ,7,13
羨,07FA8,羊 ,7,13
義,07FA9,羊 ,7,13
羭,07FAD,羊 ,9,15
羯,07FAF,羊 ,9,15
羰,07FB0,羊 ,9,15
羱,07FB1,羊 ,10,16
羲,07FB2,羊 ,10,16
羳,07FB3,羊 ,12,18
羴,07FB4,羊 ,12,18
羵,07FB5,羊 ,12,18
羶,07FB6,羊 ,13,19
羸,07FB8,羊 ,13,19
羹,07FB9,羊 ,13,19
羼,07FBC,羊 ,15,21
羽,07FBD,羽 ,0,6
羿,07FBF,羽 ,3,9
翀,07FC0,羽 ,4,10
翁,07FC1,羽 ,4,10
翂,07FC2,羽 ,4,10
翃,07FC3,羽 ,4,10
翄,07FC4,羽 ,4,10
翅,07FC5,羽 ,4,10
翊,07FCA,羽 ,5,11
翌,07FCC,羽 ,5,11
翎,07FCE,羽 ,5,11
習,07FD2,羽 ,5,11
翔,07FD4,羽 ,6,12
翕,07FD5,羽 ,6,12
翛,07FDB,羽 ,7,13
翜,07FDC,羽 ,7,13
翟,07FDF,羽 ,8,14
翠,07FE0,羽 ,8,14
翡,07FE1,羽 ,8,14
翢,07FE2,羽 ,8,14
翣,07FE3,羽 ,8,14
翥,07FE5,羽 ,8,14
翦,07FE6,羽 ,9,15
翨,07FE8,羽 ,9,15
翩,07FE9,羽 ,9,15
翫,07FEB,羽 ,9,15
翬,07FEC,羽 ,9,15
翮,07FEE,羽 ,10,16
翯,07FEF,羽 ,10,16
翰,07FF0,羽 ,10,16
翱,07FF1,羽 ,10,16
翲,07FF2,羽 ,11,17
翳,07FF3,羽 ,11,17
翶,07FF6,羽 ,11,17
翹,07FF9,羽 ,12,18
翻,07FFB,羽 ,12,18
翼,07FFC,羽 ,11,17
翽,07FFD,羽 ,13,19
翾,07FFE,羽 ,13,19
翿,07FFF,羽 ,14,20
耀,08000,羽 ,14,20
老,08001,老 ,0,6
考,08003,老 ,0,6
耄,08004,老 ,4,10
者,08005,老 ,4,8
耆,08006,老 ,4,10
耇,08007,老 ,5,9
耈,08008,老 ,5,14
耉,08009,老 ,3,12
耋,0800B,老 ,6,12
而,0800C,而 ,0,6
耍,0800D,而 ,3,9
耎,0800E,而 ,3,9
耏,0800F,而 ,3,9
耐,08010,而 ,3,9
耑,08011,而 ,3,9
耒,08012,耒 ,0,6
耔,08014,耒 ,3,9
耕,08015,耒 ,4,10
耖,08016,耒 ,4,10
耗,08017,耒 ,4,10
耘,08018,耒 ,4,10
耙,08019,耒 ,4,10
耜,0801C,耒 ,5,11
耞,0801E,耒 ,5,11
耡,08021,耒 ,7,13
耤,08024,耒 ,8,14
耦,08026,耒 ,9,15
耨,08028,耒 ,10,16
耬,0802C,耒 ,11,17
耯,0802F,耒 ,14,20
耰,08030,耒 ,15,21
耳,08033,耳 ,0,6
耵,08035,耳 ,2,8
耶,08036,耳 ,3,9
耷,08037,耳 ,3,9
耻,0803B,耳 ,4,10
耼,0803C,耳 ,4,10
耽,0803D,耳 ,4,10
耾,0803E,耳 ,4,10
耿,0803F,耳 ,4,10
聀,08040,耳 ,4,10
聃,08043,耳 ,5,11
聆,08046,耳 ,5,11
聊,0804A,耳 ,5,11
职,0804C,耳 ,5,11
聐,08050,耳 ,6,12
聒,08052,耳 ,6,12
联,08054,耳 ,6,12
聖,08056,耳 ,7,13
聘,08058,耳 ,7,13
聚,0805A,耳 ,8,14
聝,0805D,耳 ,8,14
聞,0805E,耳 ,8,14
聢,08062,耳,8,14
聮,0806E,耳 ,10,16
聯,0806F,耳 ,11,17
聰,08070,耳 ,11,17
聱,08071,耳 ,11,17
聲,08072,耳 ,11,17
聳,08073,耳 ,11,17
聵,08075,耳 ,12,18
聶,08076,耳 ,12,18
職,08077,耳 ,12,18
聹,08079,耳 ,14,20
聼,0807C,耳 ,14,20
聽,0807D,耳 ,16,22
聾,0807E,耳 ,16,22
聿,0807F,聿 ,0,6
肄,08084,聿 ,7,13
肅,08085,聿 ,8,12
肆,08086,聿 ,7,13
肇,08087,聿 ,8,14
肉,08089,肉 ,0,6
肊,0808A,肉 ,1,5
肊,0808A,肉 ,1,5
肋,0808B,肉 ,2,6
肌,0808C,肉 ,2,6
肎,0808E,肉 ,2,6
肏,0808F,肉 ,2,8
肐,08090,肉 ,3,7
肓,08093,肉 ,3,7
肕,08095,肉 ,3,7
肖,08096,肉 ,3,7
肘,08098,肉 ,3,7
肚,0809A,肉 ,3,7
肛,0809B,肉 ,3,7
肜,0809C,肉 ,3,7
肝,0809D,肉 ,3,7
股,080A1,肉 ,4,8
肢,080A2,肉 ,4,8
肥,080A5,肉 ,4,8
肩,080A9,肉 ,4,8
肪,080AA,肉 ,4,8
肫,080AB,肉 ,4,8
肬,080AC,肉 ,4,8
肮,080AE,肉 ,4,8
肯,080AF,肉 ,4,8
肱,080B1,肉 ,4,8
育,080B2,肉 ,3,7
肴,080B4,肉 ,4,8
肵,080B5,肉 ,4,8
肶,080B6,肉 ,4,8
肸,080B8,肉 ,4,8
肹,080B9,肉 ,4,8
肺,080BA,肉 ,4,8
肽,080BD,肉 ,4,8
胂,080C2,肉 ,5,9
胃,080C3,肉 ,5,9
胄,080C4,肉 ,5,9
胆,080C6,肉 ,5,9
胇,080C7,肉 ,5,9
胈,080C8,肉 ,5,9
胉,080C9,肉 ,5,9
胊,080CA,肉 ,5,9
背,080CC,肉 ,5,9
胎,080CE,肉 ,5,9
胏,080CF,肉 ,5,9
胑,080D1,肉 ,5,9
胔,080D4,肉 ,6,12
胕,080D5,肉 ,5,9
胖,080D6,肉 ,5,9
胗,080D7,肉 ,5,9
胙,080D9,肉 ,5,9
胚,080DA,肉 ,5,9
胛,080DB,肉 ,5,9
胜,080DC,肉 ,5,9
胝,080DD,肉 ,5,9
胞,080DE,肉 ,5,9
胠,080E0,肉 ,5,9
胡,080E1,肉 ,5,9
胣,080E3,肉 ,5,9
胤,080E4,肉 ,5,9
胥,080E5,肉 ,5,9
胭,080ED,肉 ,6,10
胯,080EF,肉 ,6,10
胰,080F0,肉 ,6,10
胱,080F1,肉 ,6,10
胳,080F3,肉 ,6,10
胴,080F4,肉 ,6,10
胵,080F5,肉 ,6,10
胷,080F7,肉 ,6,10
胸,080F8,肉 ,6,10
胹,080F9,肉 ,6,10
胺,080FA,肉 ,6,10
胼,080FC,肉 ,6,10
能,080FD,肉 ,6,10
胾,080FE,肉 ,6,12
脀,08100,肉 ,6,10
脂,08102,肉 ,6,10
脃,08103,肉 ,6,10
脅,08105,肉 ,6,10
脆,08106,肉 ,6,10
脇,08107,肉 ,6,10
脈,08108,肉 ,6,10
脉,08109,肉 ,5,9
脊,0810A,肉 ,6,10
脍,0810D,肉 ,6,10
脔,08114,肉 ,6,12
脖,08116,肉 ,7,11
脗,08117,肉 ,7,11
脘,08118,肉 ,7,11
脚,0811A,肉 ,7,11
脛,0811B,肉 ,7,11
脝,0811D,肉 ,7,11
脞,0811E,肉 ,7,11
脟,0811F,肉 ,7,11
脡,08121,肉 ,7,11
脢,08122,肉 ,7,11
脣,08123,肉 ,7,11
脤,08124,肉 ,7,11
脧,08127,肉 ,7,11
脩,08129,肉 ,7,11
脫,0812B,肉 ,7,11
脬,0812C,肉 ,7,11
脭,0812D,肉 ,7,11
脯,0812F,肉 ,7,11
脰,08130,肉 ,7,11
脹,08139,肉 ,8,12
脺,0813A,肉 ,8,12
脾,0813E,肉 ,8,12
腁,08141,肉 ,8,12
腆,08146,肉 ,8,12
腊,0814A,肉 ,8,12
腊,0814A,肉 ,8,12
腋,0814B,肉 ,8,12
腌,0814C,肉 ,8,12
腍,0814D,肉 ,8,12
腎,0814E,肉 ,8,12
腐,08150,肉 ,8,14
腑,08151,肉 ,8,12
腒,08152,肉 ,8,12
腓,08153,肉 ,8,12
腔,08154,肉 ,8,12
腕,08155,肉 ,8,12
腛,0815B,肉 ,9,13
腜,0815C,肉 ,9,13
腠,08160,肉 ,9,13
腡,08161,肉 ,9,13
腤,08164,肉 ,9,13
腥,08165,肉 ,9,13
腦,08166,肉 ,9,13
腧,08167,肉 ,9,13
腩,08169,肉 ,9,13
腫,0816B,肉 ,9,13
腭,0816D,肉 ,9,13
腮,0816E,肉 ,9,13
腯,0816F,肉 ,9,13
腰,08170,肉 ,9,13
腱,08171,肉 ,9,13
腳,08173,肉 ,9,13
腴,08174,肉 ,8,12
腶,08176,肉 ,9,13
腷,08177,肉 ,9,13
腸,08178,肉 ,9,13
腹,08179,肉 ,9,13
腺,0817A,肉 ,9,13
腼,0817C,肉 ,9,13
腿,0817F,肉 ,10,14
膀,08180,肉 ,10,14
膂,08182,肉 ,10,14
膃,08183,肉 ,10,14
膆,08186,肉 ,10,14
膇,08187,肉 ,10,14
膈,08188,肉 ,10,14
膊,0818A,肉 ,10,14
膋,0818B,肉 ,10,14
膍,0818D,肉 ,10,14
膏,0818F,肉 ,10,14
膑,08191,肉 ,10,14
膓,08193,肉 ,11,15
膗,08197,肉 ,11,15
膘,08198,肉 ,11,15
膚,0819A,肉 ,11,15
膛,0819B,肉 ,11,15
膜,0819C,肉 ,11,15
膝,0819D,肉 ,11,15
膞,0819E,肉 ,11,15
膠,081A0,肉 ,11,15
膣,081A3,肉 ,11,15
膦,081A6,肉 ,12,16
膨,081A8,肉 ,12,16
膩,081A9,肉 ,12,16
膪,081AA,肉 ,12,16
膬,081AC,肉 ,12,16
膮,081AE,肉 ,12,16
膰,081B0,肉 ,12,16
膱,081B1,肉 ,12,16
膳,081B3,肉 ,12,16
膴,081B4,肉 ,12,16
膵,081B5,肉 ,12,16
膷,081B7,肉 ,12,16
膹,081B9,肉 ,12,16
膺,081BA,肉 ,13,17
膻,081BB,肉 ,13,17
膽,081BD,肉 ,13,17
膾,081BE,肉 ,13,17
膿,081BF,肉 ,13,17
臀,081C0,肉 ,13,17
臁,081C1,肉 ,13,17
臂,081C2,肉 ,13,17
臃,081C3,肉 ,13,17
臄,081C4,肉 ,13,17
臅,081C5,肉 ,13,17
臆,081C6,肉 ,13,17
臈,081C8,肉 ,13,17
臉,081C9,肉 ,13,17
臊,081CA,肉 ,13,17
臌,081CC,肉 ,13,17
臍,081CD,肉 ,14,18
臏,081CF,肉 ,14,18
臐,081D0,肉 ,14,18
臑,081D1,肉 ,14,18
臕,081D5,肉 ,15,19
臗,081D7,肉 ,15,19
臘,081D8,肉 ,15,19
臚,081DA,肉 ,16,20
臛,081DB,肉 ,16,20
臝,081DD,肉 ,17,21
臞,081DE,肉 ,18,22
臟,081DF,肉 ,18,22
臠,081E0,肉 ,19,25
臢,081E2,肉 ,19,23
臣,081E3,臣 ,0,6
臤,081E4,臣 ,2,8
臥,081E5,臣 ,2,8
臧,081E7,臣 ,8,14
臨,081E8,臣 ,11,17
自,081EA,自 ,0,6
臬,081EC,自 ,4,10
臭,081ED,自 ,4,10
臯,081EF,自 ,6,12
臲,081F2,自 ,10,16
至,081F3,至 ,0,6
致,081F4,至 ,3,9
臷,081F7,至 ,6,12
臺,081FA,至 ,8,14
臻,081FB,至 ,10,16
臼,081FC,臼 ,0,6
臾,081FE,臼 ,2,8
臿,081FF,臼 ,3,9
舀,08200,臼 ,4,10
舁,08201,臼 ,3,9
舂,08202,臼 ,5,11
舃,08203,臼 ,6,12
舄,08204,臼 ,6,12
舅,08205,臼 ,7,13
與,08207,臼 ,7,14
興,08208,臼 ,9,16
舉,08209,臼 ,10,17
舊,0820A,臼 ,12,18
舋,0820B,臼 ,12,19
舌,0820C,舌 ,0,6
舍,0820D,舌 ,2,8
舎,0820E,舌,2,8
舐,08210,舌 ,4,10
舒,08212,舌 ,6,12
舔,08214,舌 ,8,14
舕,08215,舌 ,8,14
舖,08216,舌 ,9,15
舘,08218,舌 ,10,16
舚,0821A,舌 ,13,19
舛,0821B,舛 ,0,6
舜,0821C,舛 ,6,12
舝,0821D,舛 ,7,13
舞,0821E,舛 ,8,14
舟,0821F,舟 ,0,6
舠,08220,舟 ,2,8
舡,08221,舟 ,3,9
舢,08222,舟 ,3,9
舨,08228,舟 ,4,10
舩,08229,舟 ,4,10
航,0822A,舟 ,4,10
舫,0822B,舟 ,4,10
般,0822C,舟 ,4,10
舯,0822F,舟 ,4,10
舲,08232,舟 ,5,11
舳,08233,舟 ,5,11
舴,08234,舟 ,5,11
舵,08235,舟 ,5,11
舶,08236,舟 ,5,11
舷,08237,舟 ,5,11
舸,08238,舟 ,5,11
船,08239,舟 ,5,11
舺,0823A,舟 ,5,11
艄,08244,舟 ,7,13
艅,08245,舟 ,7,13
艇,08247,舟 ,7,13
艉,08249,舟 ,7,13
艋,0824B,舟 ,8,14
艎,0824E,舟 ,9,15
艏,0824F,舟 ,9,15
艑,08251,舟 ,9,15
艓,08253,舟 ,9,15
艖,08256,舟 ,10,16
艘,08258,舟 ,10,16
艙,08259,舟 ,10,16
艛,0825B,舟 ,11,17
艟,0825F,舟 ,12,18
艤,08264,舟 ,13,19
艦,08266,舟 ,14,20
艨,08268,舟 ,14,20
艫,0826B,舟 ,16,22
艭,0826D,舟 ,18,24
艮,0826E,艮 ,0,6
良,0826F,艮 ,1,7
艱,08271,艮 ,11,17
色,08272,色 ,0,6
艳,08273,色 ,4,10
艴,08274,色 ,5,11
艵,08275,色 ,6,12
艶,08276,色 ,13,19
艷,08277,色 ,18,24
艸,08278,艸 ,0,6
艽,0827D,艸 ,2,6
艾,0827E,艸 ,2,6
芃,08283,艸 ,3,7
芄,08284,艸 ,3,7
芅,08285,艸 ,3,7
芊,0828A,艸 ,3,7
芋,0828B,艸 ,3,7
芍,0828D,艸 ,3,7
芎,0828E,艸 ,3,7
芏,0828F,艸 ,3,7
芐,08290,艸 ,3,7
芑,08291,艸 ,3,7
芒,08292,艸 ,3,7
芔,08294,艸 ,3,9
芘,08298,艸 ,4,8
芙,08299,艸 ,4,8
芚,0829A,艸 ,4,8
芝,0829D,艸 ,4,8
芟,0829F,艸 ,4,8
芡,082A1,艸 ,4,8
芣,082A3,艸 ,4,8
芥,082A5,艸 ,4,8
芦,082A6,艸 ,4,8
芧,082A7,艸 ,4,8
芨,082A8,艸 ,4,8
芩,082A9,艸 ,4,8
芪,082AA,艸 ,4,8
芫,082AB,艸 ,4,8
芬,082AC,艸 ,4,8
芭,082AD,艸 ,4,8
芮,082AE,艸 ,4,8
芯,082AF,艸 ,4,8
芰,082B0,艸 ,4,8
花,082B1,艸 ,4,8
芲,082B2,艸 ,4,8
芳,082B3,艸 ,4,8
芴,082B4,艸 ,4,8
芵,082B5,艸 ,4,8
芷,082B7,艸 ,4,8
芸,082B8,艸 ,4,8
芸,082B8,艸 ,4,8
芹,082B9,艸 ,4,8
芺,082BA,艸 ,4,8
芻,082BB,艸 ,4,10
芼,082BC,艸 ,4,8
芽,082BD,艸 ,4,8
芾,082BE,艸 ,4,8
苄,082C4,艸 ,4,8
苅,082C5,艸,4,8
苏,082CF,艸 ,6,8
苐,082D0,艸 ,5,9
苑,082D1,艸 ,5,9
苒,082D2,艸 ,5,9
苓,082D3,艸 ,5,9
苔,082D4,艸 ,5,9
苕,082D5,艸 ,5,9
苖,082D6,艸 ,5,9
苗,082D7,艸 ,5,9
苙,082D9,艸 ,5,9
苛,082DB,艸 ,5,9
苜,082DC,艸 ,5,9
苞,082DE,艸 ,5,9
苟,082DF,艸 ,5,9
苡,082E1,艸 ,5,9
苢,082E2,艸 ,5,9
苣,082E3,艸 ,5,9
若,082E5,艸 ,5,9
苦,082E6,艸 ,5,9
苧,082E7,艸 ,5,9
苫,082EB,艸 ,5,9
苯,082EF,艸 ,5,9
英,082F1,艸 ,5,9
苲,082F2,艸 ,5,9
苴,082F4,艸 ,5,9
苶,082F6,艸 ,5,9
苷,082F7,艸 ,5,9
苹,082F9,艸 ,5,9
苺,082FA,艸 ,5,9
苻,082FB,艸 ,5,9
苾,082FE,艸 ,5,9
茁,08301,艸 ,5,9
茂,08302,艸 ,5,9
范,08303,艸 ,5,9
茄,08304,艸 ,5,9
茅,08305,艸 ,5,9
茆,08306,艸 ,5,9
茇,08307,艸 ,5,9
茈,08308,艸 ,6,10
茉,08309,艸 ,5,9
茌,0830C,艸 ,5,9
茍,0830D,口 ,6,9
茖,08316,艸 ,6,10
茗,08317,艸 ,6,10
茘,08318,艸 ,6,10
茙,08319,艸 ,6,10
茛,0831B,艸 ,6,10
茜,0831C,艸 ,6,10
茝,0831D,艸 ,7,11
茨,08328,艸 ,6,10
茩,08329,艸 ,6,10
茪,0832A,艸 ,6,10
茫,0832B,艸 ,6,10
茬,0832C,艸 ,6,10
茭,0832D,艸 ,6,10
茯,0832F,艸 ,6,10
茱,08331,艸 ,6,10
茲,08332,艸 ,6,10
茳,08333,艸 ,6,10
茴,08334,艸 ,6,10
茵,08335,艸 ,6,10
茶,08336,艸 ,6,10
茷,08337,艸 ,6,10
茸,08338,艸 ,6,10
茹,08339,艸 ,6,10
茺,0833A,艸 ,5,9
茻,0833B,艸 ,6,12
茼,0833C,艸 ,6,10
荀,08340,艸 ,6,10
荂,08342,艸 ,6,10
荃,08343,艸 ,6,10
荄,08344,艸 ,6,10
荅,08345,艸 ,6,10
荅,08345,艸 ,6,10
荆,08346,艸 ,8,12
荇,08347,艸 ,6,10
荈,08348,艸 ,6,10
草,08349,艸 ,6,10
荊,0834A,艸 ,6,10
荍,0834D,艸 ,6,10
荎,0834E,艸 ,6,10
荏,0834F,艸 ,6,10
荐,08350,艸 ,6,10
荑,08351,艸 ,6,10
荒,08352,艸 ,6,10
荓,08353,艸 ,6,10
荔,08354,艸 ,6,10
荣,08363,木 ,6,10
荳,08373,艸 ,7,11
荴,08374,艸 ,7,11
荵,08375,艸 ,7,11
荷,08377,艸 ,7,11
荸,08378,艸 ,7,11
荻,0837B,艸 ,7,11
荼,0837C,艸 ,7,11
荽,0837D,艸 ,7,11
莁,08381,艸 ,7,11
莂,08382,艸 ,7,11
莅,08385,艸 ,7,11
莆,08386,艸 ,7,11
莉,08389,艸 ,7,11
莊,0838A,艸 ,7,11
莎,0838E,艸 ,7,11
莏,0838F,艸 ,7,11
莒,08392,艸 ,7,11
莓,08393,艸 ,7,11
莔,08394,艸 ,7,11
莕,08395,艸 ,7,11
莖,08396,艸 ,7,11
莘,08398,艸 ,7,11
莙,08399,艸 ,7,11
莛,0839B,艸 ,7,11
莝,0839D,艸 ,7,11
莞,0839E,艸 ,7,11
莠,083A0,艸 ,7,11
莢,083A2,艸 ,7,11
莧,083A7,艸 ,7,11
莨,083A8,艸 ,7,11
莩,083A9,艸 ,7,11
莪,083AA,艸 ,7,11
莫,083AB,艸 ,7,11
莭,083AD,艸 ,7,11
莽,083BD,艸 ,7,11
莿,083BF,艸 ,8,12
菀,083C0,艸 ,8,12
菁,083C1,艸 ,8,12
菂,083C2,艸 ,8,12
菅,083C5,艸 ,8,12
菆,083C6,艸 ,8,12
菇,083C7,艸 ,8,12
菉,083C9,艸 ,8,12
菊,083CA,艸 ,8,12
菌,083CC,艸 ,8,12
菑,083D1,艸 ,8,12
菓,083D3,艸 ,8,12
菔,083D4,艸 ,8,12
菖,083D6,艸 ,8,12
菘,083D8,艸 ,8,12
菙,083D9,艸 ,9,13
菜,083DC,艸 ,8,12
菝,083DD,艸 ,8,12
菞,083DE,艸 ,8,12
菟,083DF,艸 ,8,12
菠,083E0,艸 ,8,12
菡,083E1,艸 ,8,12
菢,083E2,艸 ,8,12
菩,083E9,艸 ,8,12
菫,083EB,艸 ,8,12
華,083EF,艸 ,8,12
菰,083F0,艸 ,8,12
菱,083F1,艸 ,8,12
菲,083F2,艸 ,8,12
菴,083F4,艸 ,8,12
菶,083F6,艸 ,8,12
菸,083F8,艸 ,8,12
菹,083F9,艸 ,8,12
菻,083FB,艸 ,8,12
菼,083FC,艸 ,8,12
菽,083FD,艸 ,8,12
萁,08401,艸 ,8,12
萃,08403,艸 ,8,12
萄,08404,艸 ,8,12
萆,08406,艸 ,8,12
萇,08407,艸 ,8,12
萊,0840A,艸 ,8,12
萋,0840B,艸 ,8,12
萌,0840C,艸 ,8,12
萍,0840D,艸 ,8,12
萎,0840E,艸 ,8,12
萏,0840F,艸 ,8,12
萐,08410,艸 ,8,12
萑,08411,艸 ,8,12
萘,08418,艸 ,8,12
萝,0841D,艸 ,8,12
萩,08429,艸 ,9,13
萬,0842C,禸 ,8,13
萭,0842D,艸 ,9,13
萯,0842F,艸 ,9,13
萱,08431,艸 ,9,13
萲,08432,艸 ,9,13
萴,08434,艸 ,9,13
萵,08435,艸 ,9,13
萷,08437,艸 ,9,13
萸,08438,艸 ,8,12
萹,08439,艸 ,9,13
萼,0843C,艸 ,9,13
落,0843D,艸 ,9,13
葄,08444,艸 ,9,13
葅,08445,艸 ,9,13
葆,08446,艸 ,9,13
葉,08449,艸 ,9,13
葍,0844D,艸 ,9,13
葑,08451,艸 ,9,13
葒,08452,艸 ,9,13
葓,08453,艸 ,9,13
葖,08456,艸 ,9,13
著,08457,艸 ,8,12
葚,0845A,艸 ,9,13
葛,0845B,艸 ,9,13
葞,0845E,艸 ,9,13
葟,0845F,艸 ,9,13
葡,08461,艸 ,9,13
葢,08462,艸 ,9,13
董,08463,艸 ,9,13
葦,08466,艸 ,9,13
葧,08467,艸 ,9,13
葩,08469,艸 ,9,13
葫,0846B,艸 ,9,13
葬,0846C,艸 ,9,13
葭,0846D,艸 ,9,13
葯,0846F,艸 ,9,13
葯,0846F,艸 ,9,13
葰,08470,艸 ,9,13
葱,08471,艸 ,9,13
葳,08473,艸 ,9,13
葴,08474,艸 ,9,13
葵,08475,艸 ,9,13
葶,08476,艸 ,9,13
葷,08477,艸 ,9,13
葸,08478,艸 ,9,13
葹,08479,艸 ,9,13
葺,0847A,艸 ,9,13
葽,0847D,艸 ,9,13
蒂,08482,艸 ,9,13
蒍,0848D,艸 ,9,13
蒐,08490,艸 ,10,14
蒒,08492,艸 ,10,14
蒔,08494,艸 ,10,14
蒕,08495,艸 ,10,14
蒗,08497,艸 ,10,14
蒘,08498,艸 ,10,14
蒙,08499,艸 ,10,14
蒜,0849C,艸 ,10,14
蒞,0849E,艸 ,10,14
蒟,0849F,艸 ,10,14
蒡,084A1,艸 ,10,14
蒢,084A2,艸 ,10,14
蒨,084A8,艸 ,10,14
蒩,084A9,艸 ,10,14
蒪,084AA,艸 ,10,14
蒭,084AD,艸 ,10,14
蒯,084AF,艸 ,10,14
蒱,084B1,艸 ,10,14
蒲,084B2,艸 ,10,14
蒴,084B4,艸 ,10,14
蒸,084B8,艸 ,10,14
蒹,084B9,艸 ,10,14
蒺,084BA,艸 ,10,14
蒻,084BB,艸 ,10,14
蒼,084BC,艸 ,10,14
蒿,084BF,艸 ,10,14
蓀,084C0,艸 ,10,14
蓁,084C1,艸 ,10,14
蓂,084C2,艸 ,10,14
蓄,084C4,艸 ,10,14
蓆,084C6,艸 ,10,14
蓉,084C9,艸 ,10,14
蓊,084CA,艸 ,10,14
蓋,084CB,艸 ,10,14
蓌,084CC,艸 ,10,14
蓍,084CD,艸 ,10,14
蓎,084CE,艸 ,10,14
蓏,084CF,艸 ,10,14
蓐,084D0,艸 ,10,14
蓑,084D1,艸 ,10,14
蓓,084D3,艸 ,10,14
蓖,084D6,艸 ,10,14
蓘,084D8,艸 ,10,14
蓙,084D9,艸,10,14
蓧,084E7,艸 ,11,15
蓩,084E9,艸 ,11,15
蓫,084EB,艸 ,11,15
蓬,084EC,艸 ,11,15
蓮,084EE,艸 ,11,15
蓯,084EF,艸 ,11,15
蓰,084F0,艸 ,11,15
蓱,084F1,艸 ,9,13
蓲,084F2,艸 ,11,15
蓳,084F3,艸 ,11,15
蓴,084F4,艸 ,11,15
蓷,084F7,艸 ,11,15
蓺,084FA,艸 ,11,15
蓼,084FC,艸 ,11,15
蓽,084FD,艸 ,11,15
蓿,084FF,艸 ,11,15
蔀,08500,艸 ,11,15
蔂,08502,艸 ,11,15
蔇,08507,艸 ,9,13
蔈,08508,艸 ,11,15
蔉,08509,艸 ,11,15
蔊,0850A,艸 ,11,15
蔌,0850C,艸 ,11,15
蔎,0850E,艸 ,11,15
蔏,0850F,艸 ,11,15
蔑,08511,艸 ,11,15
蔓,08513,艸 ,11,15
蔔,08514,艸 ,11,15
蔗,08517,艸 ,11,15
蔘,08518,艸 ,11,15
蔚,0851A,艸 ,11,15
蔞,0851E,艸 ,11,15
蔟,0851F,艸 ,11,15
蔠,08520,艸 ,11,15
蔡,08521,艸 ,11,15
蔣,08523,艸 ,11,15
蔤,08524,艸 ,11,15
蔥,08525,艸 ,11,15
蔦,08526,艸 ,11,15
蔧,08527,艸 ,11,15
蔪,0852A,艸 ,11,15
蔫,0852B,艸 ,11,15
蔬,0852C,艸 ,11,15
蔭,0852D,艸 ,11,15
蔯,0852F,艸 ,11,15
蔱,08531,艸 ,11,15
蔴,08534,艸 ,9,15
蔻,0853B,艸 ,11,15
蔽,0853D,艸 ,11,15
蔿,0853F,艸 ,12,16
蕁,08541,艸 ,12,16
蕃,08543,艸 ,12,16
蕅,08545,艸 ,12,16
蕆,08546,艸 ,12,16
蕈,08548,艸 ,12,16
蕉,08549,艸 ,12,16
蕊,0854A,艸 ,12,16
蕎,0854E,艸 ,12,16
蕑,08551,艸 ,12,16
蕓,08553,艸 ,12,16
蕕,08555,艸 ,12,16
蕖,08556,艸 ,12,16
蕘,08558,艸 ,12,16
蕙,08559,艸 ,12,16
蕝,0855D,艸 ,12,16
蕞,0855E,艸 ,12,16
蕡,08561,艸 ,12,16
蕢,08562,艸 ,12,16
蕣,08563,艸 ,12,16
蕤,08564,艸 ,12,16
蕨,08568,艸 ,12,16
蕩,08569,艸 ,12,16
蕪,0856A,艸 ,12,16
蕭,0856D,艸 ,12,16
蕮,0856E,艸 ,12,16
蕸,08578,艸 ,13,17
蕹,08579,艸 ,13,17
蕺,0857A,艸 ,13,17
蕻,0857B,艸 ,13,17
蕾,0857E,艸 ,13,17
蕿,0857F,艸 ,13,17
薀,08580,艸 ,13,17
薁,08581,艸 ,13,17
薄,08584,艸 ,13,17
薅,08585,艸 ,13,17
薆,08586,艸 ,13,17
薇,08587,艸 ,13,17
薈,08588,艸 ,13,17
薊,0858A,艸 ,13,17
薌,0858C,艸 ,12,16
薏,0858F,艸 ,13,17
薐,08590,艸 ,13,17
薑,08591,艸 ,13,17
薔,08594,艸 ,13,17
薖,08596,艸 ,13,17
薙,08599,艸 ,13,17
薛,0859B,艸 ,13,17
薜,0859C,艸 ,13,17
薝,0859D,艸 ,13,17
薞,0859E,艸 ,13,17
薟,0859F,艸 ,13,17
薠,085A0,艸 ,13,17
薢,085A2,艸 ,13,17
薤,085A4,艸 ,13,17
薦,085A6,艸 ,13,17
薨,085A8,艸 ,13,17
薩,085A9,艸 ,14,18
薪,085AA,艸 ,13,17
薯,085AF,艸 ,13,17
薰,085B0,艸 ,14,18
薱,085B1,艸 ,14,18
薶,085B6,艸 ,14,18
薷,085B7,艸 ,14,18
薹,085B9,艸 ,14,18
薺,085BA,艸 ,14,18
薿,085BF,艸 ,14,18
藂,085C2,艸 ,14,18
藃,085C3,艸 ,14,18
藇,085C7,艸 ,14,18
藉,085C9,艸 ,14,18
藋,085CB,艸 ,14,18
藍,085CD,艸 ,14,18
藎,085CE,艸 ,14,18
藏,085CF,艸 ,14,18
藐,085D0,艸 ,14,18
藑,085D1,艸 ,15,19
藕,085D5,艸 ,15,19
藙,085D9,艸 ,15,19
藚,085DA,艸 ,15,19
藜,085DC,艸 ,15,19
藝,085DD,艸 ,15,19
藟,085DF,艸 ,15,19
藣,085E3,艸 ,15,19
藤,085E4,艸 ,15,19
藥,085E5,艸 ,15,19
藨,085E8,艸 ,15,19
藩,085E9,艸 ,15,19
藪,085EA,艸 ,15,19
藫,085EB,艸 ,15,19
藭,085ED,艸 ,15,19
藳,085F3,艸 ,15,19
藴,085F4,艸 ,15,19
藷,085F7,艸 ,15,19
藸,085F8,艸 ,15,19
藹,085F9,艸 ,16,20
藺,085FA,艸 ,16,20
藻,085FB,艸 ,16,20
藾,085FE,艸 ,16,20
藿,085FF,艸 ,16,20
蘀,08600,艸 ,16,20
蘁,08601,艸 ,16,20
蘄,08604,艸 ,16,20
蘅,08605,艸 ,16,20
蘆,08606,艸 ,16,20
蘇,08607,艸 ,16,20
蘉,08609,艸 ,16,20
蘊,0860A,艸 ,16,20
蘋,0860B,艸 ,16,20
蘑,08611,艸 ,16,20
蘖,08616,木 ,17,21
蘗,08617,艸 ,17,21
蘘,08618,艸 ,17,21
蘙,08619,艸 ,17,21
蘚,0861A,艸 ,17,21
蘞,0861E,艸 ,17,21
蘠,08620,艸 ,17,21
蘡,08621,艸 ,17,21
蘢,08622,艸 ,16,20
蘦,08626,艸 ,17,21
蘧,08627,艸 ,17,21
蘩,08629,艸 ,17,21
蘪,0862A,艸 ,17,21
蘭,0862D,艸 ,17,21
蘮,0862E,艸 ,17,21
蘸,08638,艸 ,19,23
蘹,08639,艸 ,19,23
蘺,0863A,艸 ,19,23
蘼,0863C,艸 ,19,23
蘾,0863E,艸 ,19,23
蘿,0863F,艸 ,19,23
虀,08640,艸 ,19,23
虆,08646,艸 ,21,25
虍,0864D,虍 ,0,6
虎,0864E,虍 ,2,8
虐,08650,虍 ,3,9
虒,08652,虍 ,4,10
虓,08653,虍 ,4,10
虔,08654,虍 ,4,10
處,08655,虍 ,5,11
虖,08656,虍 ,5,11
虖,08656,虍 ,5,11
虗,08657,虍 ,5,11
虙,08659,虍 ,5,11
虛,0865B,虍 ,6,12
虜,0865C,虍 ,7,13
虞,0865E,虍 ,7,13
號,0865F,虍 ,7,13
虡,08661,虍 ,8,14
虢,08662,虍 ,9,15
虣,08663,虍 ,10,16
虤,08664,虍 ,10,16
虧,08667,虍 ,11,17
虩,08669,虍 ,12,18
虫,0866B,虫 ,0,6
虬,0866C,虫 ,1,7
虯,0866F,虫 ,2,8
虱,08671,虫 ,2,8
虵,08675,虫 ,3,9
虷,08677,虫 ,3,9
虹,08679,虫 ,3,9
虺,0867A,虫 ,3,9
虻,0867B,虫 ,3,9
虼,0867C,虫 ,3,9
虾,0867E,虫 ,3,9
蚁,08681,虫 ,3,9
蚇,08687,虫 ,4,10
蚉,08689,虫 ,4,10
蚊,0868A,虫 ,4,10
蚋,0868B,虫 ,4,10
蚌,0868C,虫 ,4,10
蚍,0868D,虫 ,4,10
蚑,08691,虫 ,4,10
蚓,08693,虫 ,4,10
蚕,08695,虫 ,4,10
蚜,0869C,虫 ,4,10
蚠,086A0,虫 ,4,10
蚡,086A1,虫 ,4,10
蚢,086A2,虫 ,4,10
蚣,086A3,虫 ,4,10
蚤,086A4,虫 ,4,10
蚦,086A6,虫 ,4,10
蚧,086A7,虫 ,4,10
蚨,086A8,虫 ,4,10
蚩,086A9,虫 ,4,10
蚪,086AA,虫 ,4,10
蚫,086AB,虫,5,11
蚯,086AF,虫 ,5,11
蚰,086B0,虫 ,5,11
蚱,086B1,虫 ,5,11
蚳,086B3,虫 ,5,11
蚴,086B4,虫 ,5,11
蚵,086B5,虫 ,5,11
蚶,086B6,虫 ,5,11
蚷,086B7,虫 ,5,11
蚹,086B9,虫 ,5,11
蚿,086BF,虫 ,5,11
蛀,086C0,虫 ,5,11
蛁,086C1,虫 ,5,11
蛂,086C2,虫 ,5,11
蛄,086C4,虫 ,5,11
蛆,086C6,虫 ,5,11
蛇,086C7,虫 ,5,11
蛉,086C9,虫 ,5,11
蛋,086CB,虫 ,5,11
蛐,086D0,虫 ,6,12
蛑,086D1,虫 ,6,12
蛓,086D3,虫 ,6,12
蛔,086D4,虫 ,6,12
蛖,086D6,虫 ,7,13
蛗,086D7,虫 ,6,12
蛙,086D9,虫 ,6,12
蛛,086DB,虫 ,6,12
蛜,086DC,虫 ,6,12
蛞,086DE,虫 ,6,12
蛟,086DF,虫 ,6,12
蛢,086E2,虫 ,6,12
蛣,086E3,虫 ,6,12
蛤,086E4,虫 ,6,12
蛩,086E9,虫 ,6,12
蛬,086EC,虫 ,6,12
蛭,086ED,虫 ,6,12
蛮,086EE,虫 ,6,12
蛯,086EF,虫,6,12
蛰,086F0,虫 ,6,12
蛸,086F8,虫 ,7,13
蛹,086F9,虫 ,7,13
蛺,086FA,虫 ,7,13
蛻,086FB,虫 ,7,13
蛼,086FC,虫 ,7,13
蛾,086FE,虫 ,7,13
蜀,08700,虫 ,7,13
蜂,08702,虫 ,7,13
蜃,08703,虫 ,7,13
蜄,08704,虫 ,7,13
蜆,08706,虫 ,7,13
蜇,08707,虫 ,7,13
蜈,08708,虫 ,7,13
蜉,08709,虫 ,7,13
蜊,0870A,虫 ,7,13
蜌,0870C,虫 ,7,13
蜍,0870D,虫 ,7,13
蜎,0870E,虫 ,7,13
蜑,08711,虫 ,8,14
蜒,08712,虫 ,8,14
蜓,08713,虫 ,7,13
蜘,08718,虫 ,8,14
蜙,08719,虫 ,8,14
蜚,0871A,虫 ,8,14
蜜,0871C,虫 ,8,14
蜞,0871E,虫 ,8,14
蜡,08721,虫 ,8,14
蜡,08721,虫 ,8,14
蜢,08722,虫 ,8,14
蜣,08723,虫 ,8,14
蜤,08724,虫 ,8,14
蜥,08725,虫 ,8,14
蜨,08728,虫 ,8,14
蜩,08729,虫 ,8,14
蜮,0872E,虫 ,8,14
蜯,0872F,虫 ,8,14
蜰,08730,虫 ,8,14
蜱,08731,虫 ,8,14
蜲,08732,虫 ,8,14
蜴,08734,虫 ,8,14
蜷,08737,虫 ,8,14
蜹,08739,虫 ,8,14
蜻,0873B,虫 ,8,14
蜼,0873C,虫 ,8,14
蜾,0873E,虫 ,8,14
蜿,0873F,虫 ,8,14
蝀,08740,虫 ,8,14
蝂,08742,虫 ,8,14
蝃,08743,虫 ,8,14
蝆,08746,虫 ,8,14
蝌,0874C,虫 ,9,15
蝍,0874D,虫 ,7,13
蝎,0874E,虫 ,9,15
蝎,0874E,虫 ,9,15
蝐,08750,虫 ,9,15
蝒,08752,虫 ,9,15
蝓,08753,虫 ,9,15
蝔,08754,虫 ,9,15
蝕,08755,虫 ,8,14
蝖,08756,虫 ,9,15
蝗,08757,虫 ,9,15
蝘,08758,虫 ,9,15
蝙,08759,虫 ,9,15
蝛,0875B,虫 ,9,15
蝜,0875C,虫 ,9,15
蝟,0875F,虫 ,9,15
蝠,08760,虫 ,9,15
蝡,08761,虫 ,9,15
蝣,08763,虫 ,9,15
蝤,08764,虫 ,9,15
蝥,08765,虫 ,9,15
蝦,08766,虫 ,9,15
蝨,08768,虫 ,9,15
蝮,0876E,虫 ,9,15
蝯,0876F,虫 ,9,15
蝱,08771,虫 ,9,15
蝲,08772,虫 ,9,15
蝳,08773,虫 ,8,14
蝴,08774,虫 ,9,15
蝶,08776,虫 ,9,15
蝸,08778,虫 ,9,15
蝹,08779,虫 ,10,16
蝻,0877B,虫 ,9,15
蝼,0877C,虫 ,9,15
螂,08782,虫 ,9,15
螃,08783,虫 ,10,16
螄,08784,虫 ,10,16
螅,08785,虫 ,10,16
螇,08787,虫 ,10,16
螈,08788,虫 ,10,16
螋,0878B,虫 ,10,16
螌,0878C,虫 ,10,16
融,0878D,虫 ,10,16
螓,08793,虫 ,10,16
螗,08797,虫 ,10,16
螘,08798,虫 ,10,16
螞,0879E,虫 ,10,16
螟,0879F,虫 ,10,16
螠,087A0,虫 ,10,16
螡,087A1,虫 ,10,16
螢,087A2,虫 ,10,16
螣,087A3,虫 ,10,16
螫,087AB,虫 ,11,17
螬,087AC,虫 ,11,17
螭,087AD,虫 ,11,17
螯,087AF,虫 ,11,17
螲,087B2,虫 ,11,17
螳,087B3,虫 ,11,17
螵,087B5,虫 ,11,17
螹,087B9,虫 ,11,17
螺,087BA,虫 ,11,17
螻,087BB,虫 ,11,17
螼,087BC,虫 ,11,17
螽,087BD,虫 ,11,17
螾,087BE,虫 ,11,17
螿,087BF,虫 ,11,17
蟀,087C0,虫 ,11,17
蟄,087C4,虫 ,11,17
蟅,087C5,虫 ,11,17
蟆,087C6,虫 ,11,17
蟇,087C7,虫 ,11,17
蟈,087C8,虫 ,11,17
蟊,087CA,虫 ,11,17
蟋,087CB,虫 ,11,17
蟑,087D1,虫 ,11,17
蟒,087D2,虫 ,11,17
蟙,087D9,虫 ,12,18
蟚,087DA,虫 ,12,18
蟛,087DB,虫 ,12,18
蟠,087E0,虫 ,12,18
蟢,087E2,虫 ,12,18
蟣,087E3,虫 ,12,18
蟥,087E5,虫 ,12,18
蟪,087EA,虫 ,12,18
蟫,087EB,虫 ,12,18
蟬,087EC,虫 ,12,18
蟭,087ED,虫 ,12,18
蟮,087EE,虫 ,12,18
蟯,087EF,虫 ,12,18
蟰,087F0,虫 ,12,18
蟲,087F2,虫 ,12,18
蟳,087F3,虫 ,12,18
蟶,087F6,虫 ,13,19
蟹,087F9,虫 ,13,19
蟺,087FA,虫 ,13,19
蟻,087FB,虫 ,13,19
蟾,087FE,虫 ,13,19
蟿,087FF,虫 ,13,19
蠁,08801,虫 ,12,18
蠃,08803,虫 ,13,19
蠅,08805,虫 ,13,19
蠆,08806,虫 ,13,19
蠉,08809,虫 ,13,19
蠋,0880B,虫 ,13,19
蠍,0880D,虫 ,13,19
蠏,0880F,虫 ,13,19
蠐,08810,虫 ,14,20
蠑,08811,虫 ,14,20
蠓,08813,虫 ,14,20
蠔,08814,虫 ,14,20
蠕,08815,虫 ,14,20
蠖,08816,虫 ,14,20
蠙,08819,虫 ,14,20
蠛,0881B,虫 ,15,21
蠜,0881C,虫 ,15,21
蠟,0881F,虫 ,15,21
蠠,08820,虫 ,15,21
蠡,08821,虫 ,15,21
蠢,08822,虫 ,15,21
蠣,08823,虫 ,15,21
蠧,08827,虫 ,16,22
蠨,08828,虫 ,16,22
蠭,0882D,虫 ,17,23
蠯,0882F,广 ,20,23
蠰,08830,虫 ,17,23
蠱,08831,虫 ,17,23
蠲,08832,虫 ,17,23
蠵,08835,虫 ,18,24
蠶,08836,虫 ,18,24
蠷,08837,虫 ,18,24
蠹,08839,虫 ,18,24
蠻,0883B,虫 ,19,25
蠼,0883C,虫 ,20,26
血,08840,血 ,0,6
衁,08841,血 ,3,9
衃,08843,血 ,4,10
衄,08844,血 ,4,10
衅,08845,血 ,5,11
衇,08847,血 ,6,12
衈,08848,血 ,6,12
衊,0884A,血 ,15,21
衋,0884B,血 ,18,24
行,0884C,行 ,0,6
衍,0884D,行 ,3,9
衎,0884E,行 ,3,9
衒,08852,行 ,5,11
術,08853,行 ,5,11
衕,08855,行 ,6,12
街,08857,行 ,6,12
衙,08859,行 ,7,13
衚,0885A,行 ,9,15
衛,0885B,行 ,9,15
衝,0885D,行 ,9,15
衞,0885E,行 ,10,16
衠,08860,行 ,10,16
衡,08861,行 ,10,16
衢,08862,行 ,18,24
衣,08863,衣 ,0,6
补,08865,衣 ,2,8
表,08868,衣 ,3,8
衩,08869,衣 ,3,9
衪,0886A,衣 ,3,9
衫,0886B,衣 ,3,9
衮,0886E,衣 ,4,10
衯,0886F,衣 ,4,10
衰,08870,衣 ,4,10
衱,08871,衣 ,4,10
衲,08872,衣 ,4,10
衷,08877,衣 ,4,10
衹,08879,衣 ,4,10
衺,0887A,衣 ,4,10
衻,0887B,衣 ,4,10
衽,0887D,衣 ,4,10
衾,0887E,衣 ,4,10
衿,0887F,衣 ,4,10
袀,08880,衣 ,4,10
袁,08881,衣 ,4,10
袂,08882,衣 ,4,10
袄,08884,衣 ,4,10
袈,08888,衣 ,5,11
袋,0888B,衣 ,5,11
袍,0888D,衣 ,5,11
袎,0888E,衣 ,5,11
袑,08891,衣 ,5,11
袒,08892,衣 ,5,11
袖,08896,衣 ,5,11
袗,08897,衣 ,5,11
袙,08899,衣 ,5,11
袛,0889B,衣 ,5,11
袜,0889C,衣 ,5,11
袜,0889C,衣 ,5,11
袞,0889E,衣 ,5,11
袟,0889F,衣 ,5,11
袠,088A0,衣 ,5,11
袡,088A1,衣 ,5,11
袢,088A2,衣 ,5,11
袤,088A4,衣 ,5,11
袧,088A7,衣 ,5,11
袨,088A8,衣 ,5,11
袪,088AA,衣 ,5,11
被,088AB,衣 ,5,11
袱,088B1,衣 ,6,12
袴,088B4,衣 ,6,12
袵,088B5,衣 ,6,12
袷,088B7,衣 ,6,12
袺,088BA,衣 ,6,12
袽,088BD,衣 ,6,12
袾,088BE,衣 ,6,12
袿,088BF,衣 ,6,12
裀,088C0,衣 ,6,12
裁,088C1,衣 ,6,12
裂,088C2,衣 ,6,12
裃,088C3,衣,6,12
裄,088C4,衣,6,12
裉,088C9,衣 ,6,12
裊,088CA,衣 ,7,13
裋,088CB,衣 ,7,13
裌,088CC,衣 ,7,13
裎,088CE,衣 ,7,13
裏,088CF,衣 ,7,13
裒,088D2,衣 ,7,13
裓,088D3,衣 ,7,13
裔,088D4,衣 ,7,13
裕,088D5,衣 ,7,13
裖,088D6,衣 ,7,13
裘,088D8,衣 ,7,13
裙,088D9,衣 ,7,13
裛,088DB,衣 ,7,13
補,088DC,衣 ,7,13
裝,088DD,衣 ,7,13
裟,088DF,衣 ,7,13
裠,088E0,衣 ,7,13
裡,088E1,衣 ,7,13
裧,088E7,衣 ,8,14
裨,088E8,衣 ,8,14
裩,088E9,衣 ,8,14
裯,088EF,衣 ,8,14
裰,088F0,衣 ,8,14
裱,088F1,衣 ,8,14
裲,088F2,衣 ,8,14
裳,088F3,衣 ,8,14
裴,088F4,衣 ,8,14
裶,088F6,衣 ,8,14
裸,088F8,衣 ,8,14
裹,088F9,衣 ,8,14
裻,088FB,衣 ,8,14
裼,088FC,衣 ,8,14
製,088FD,衣 ,8,14
裾,088FE,衣 ,8,14
褂,08902,衣 ,8,14
褄,08904,衣,8,14
複,08907,衣 ,9,15
褊,0890A,衣 ,9,15
褋,0890B,衣 ,9,15
褌,0890C,衣 ,9,15
褎,0890E,衣 ,9,15
褏,0890F,衣 ,9,15
褐,08910,衣 ,9,15
褒,08912,衣 ,9,15
褓,08913,衣 ,9,15
褔,08914,衣 ,9,15
褕,08915,衣 ,9,15
褖,08916,衣 ,9,15
褘,08918,衣 ,9,15
褙,08919,衣 ,9,15
褚,0891A,衣 ,8,14
褟,0891F,衣 ,10,16
褡,08921,衣 ,10,16
褢,08922,衣 ,10,16
褥,08925,衣 ,10,16
褦,08926,衣 ,10,16
褧,08927,衣 ,10,16
褪,0892A,衣 ,10,16
褫,0892B,衣 ,10,16
褭,0892D,衣 ,10,16
褯,0892F,衣 ,10,16
褰,08930,衣 ,10,16
褱,08931,衣 ,10,16
褲,08932,衣 ,10,16
褳,08933,衣 ,11,17
褶,08936,衣 ,11,17
褷,08937,衣 ,11,17
褸,08938,衣 ,11,17
褻,0893B,衣 ,11,17
褼,0893C,衣 ,11,17
褽,0893D,衣 ,11,17
褾,0893E,衣 ,11,17
襀,08940,衣 ,11,17
襁,08941,衣 ,11,17
襂,08942,衣 ,11,17
襃,08943,衣 ,11,17
襄,08944,衣 ,11,17
襆,08946,衣 ,12,18
襉,08949,衣 ,12,18
襌,0894C,衣 ,12,18
襍,0894D,衣 ,12,18
襏,0894F,衣 ,12,18
襒,08952,衣 ,11,17
襓,08953,衣 ,12,18
襖,08956,衣 ,13,19
襗,08957,衣 ,13,19
襘,08958,衣 ,13,19
襚,0895A,衣 ,13,19
襛,0895B,衣 ,13,19
襜,0895C,衣 ,13,19
襝,0895D,衣 ,13,18
襞,0895E,衣 ,13,19
襟,0895F,衣 ,13,19
襠,08960,衣 ,13,19
襡,08961,衣 ,13,19
襢,08962,衣 ,13,19
襢,08962,衣 ,13,19
襣,08963,衣 ,14,20
襤,08964,衣 ,14,20
襥,08965,衣 ,14,19
襦,08966,衣 ,14,20
襪,0896A,衣 ,15,21
襫,0896B,衣 ,15,21
襬,0896C,衣 ,15,21
襭,0896D,衣 ,15,21
襮,0896E,衣 ,15,20
襯,0896F,衣 ,16,22
襲,08972,衣 ,16,22
襳,08973,衣 ,17,23
襴,08974,衣 ,17,23
襵,08975,衣 ,18,24
襶,08976,衣 ,17,23
襷,08977,衣,18,24
襻,0897B,衣 ,19,25
襼,0897C,衣 ,19,25
襾,0897E,襾 ,0,6
西,0897F,襾 ,0,6
要,08981,襾 ,3,9
覂,08982,襾 ,5,11
覃,08983,襾 ,6,12
覄,08984,襾 ,6,12
覆,08986,襾 ,12,18
覇,08987,襾 ,13,19
覈,08988,襾 ,13,19
覉,08989,襾 ,17,23
覊,0898A,襾 ,19,25
見,0898B,見 ,0,7
覌,0898C,見 ,2,9
規,0898F,見 ,4,11
覓,08993,見 ,4,11
覔,08994,見 ,4,11
覕,08995,見 ,5,12
視,08996,見 ,5,12
覘,08998,見 ,5,12
覚,0899A,見 ,5,12
覛,0899B,見 ,6,13
覜,0899C,見 ,6,13
覡,089A1,見 ,7,14
覥,089A5,見 ,8,15
覦,089A6,見 ,9,16
覧,089A7,見 ,9,16
覩,089A9,見 ,8,15
親,089AA,見 ,9,16
覬,089AC,見 ,10,17
覯,089AF,見 ,10,17
覰,089B0,見 ,11,18
覲,089B2,見 ,11,18
覶,089B6,見 ,12,19
覷,089B7,見 ,12,19
覺,089BA,見 ,13,20
覼,089BC,見 ,14,21
覽,089BD,見 ,14,21
覿,089BF,見 ,15,22
觀,089C0,見 ,18,25
角,089D2,角 ,0,7
觓,089D3,角 ,2,9
觔,089D4,角 ,2,9
觕,089D5,角 ,4,11
觖,089D6,角 ,4,11
觚,089DA,角 ,5,12
觜,089DC,角 ,6,13
觝,089DD,角 ,5,12
觡,089E1,角 ,6,13
解,089E3,角 ,6,13
觤,089E4,角 ,6,13
觥,089E5,角 ,6,13
觧,089E7,角 ,6,13
觩,089E9,角 ,7,14
觫,089EB,角 ,7,14
觭,089ED,角 ,8,15
觰,089F0,角 ,8,15
觱,089F1,角 ,9,16
觳,089F3,角 ,10,17
觴,089F4,角 ,11,18
觵,089F5,角 ,12,19
觶,089F6,角 ,12,19
觷,089F7,角 ,13,20
觸,089F8,角 ,13,20
觿,089FF,角 ,18,25
言,08A00,言 ,0,7
訂,08A02,言 ,2,9
訃,08A03,言 ,2,9
訄,08A04,言 ,2,9
訇,08A07,言 ,2,9
計,08A08,言 ,2,9
訊,08A0A,言 ,3,10
訌,08A0C,言 ,3,10
討,08A0E,言 ,3,10
訏,08A0F,言 ,3,10
訐,08A10,言 ,3,10
訑,08A11,言 ,3,10
訒,08A12,言 ,3,10
訓,08A13,言 ,3,10
訕,08A15,言 ,3,10
訖,08A16,言 ,3,10
託,08A17,言 ,3,10
記,08A18,言 ,3,10
訛,08A1B,言 ,4,11
訝,08A1D,言 ,4,11
訞,08A1E,言 ,4,11
訟,08A1F,言 ,4,11
訢,08A22,言 ,4,11
訣,08A23,言 ,4,11
訥,08A25,言 ,4,11
訧,08A27,言 ,4,11
訩,08A29,言 ,4,11
訪,08A2A,言 ,4,11
訬,08A2C,言 ,4,11
設,08A2D,言 ,4,11
訰,08A30,言 ,4,11
許,08A31,言 ,4,11
訴,08A34,言 ,5,12
訶,08A36,言 ,5,12
訹,08A39,言 ,5,12
診,08A3A,言 ,5,12
註,08A3B,言 ,5,12
証,08A3C,言 ,5,12
証,08A3C,言 ,5,12
訾,08A3E,言 ,6,13
訿,08A3F,言 ,6,13
詀,08A40,言 ,5,12
詁,08A41,言 ,5,12
詄,08A44,言 ,5,12
詅,08A45,言 ,5,12
詆,08A46,言 ,5,12
詈,08A48,言 ,5,12
詉,08A49,言 ,5,12
詎,08A4E,言 ,5,12
詐,08A50,言 ,5,12
詒,08A52,言 ,5,12
詔,08A54,言 ,5,12
評,08A55,言 ,5,12
詖,08A56,言 ,5,12
詗,08A57,言 ,5,12
詘,08A58,言 ,5,12
詛,08A5B,言 ,5,12
詞,08A5E,言 ,5,12
詠,08A60,言 ,5,12
詡,08A61,言 ,6,13
詢,08A62,言 ,6,13
詣,08A63,言 ,6,13
試,08A66,言 ,6,13
詧,08A67,言 ,6,13
詩,08A69,言 ,6,13
詫,08A6B,言 ,6,13
詬,08A6C,言 ,6,13
詭,08A6D,言 ,6,13
詮,08A6E,言 ,6,13
詰,08A70,言 ,6,13
話,08A71,言 ,6,13
該,08A72,言 ,6,13
詳,08A73,言 ,6,13
詵,08A75,言 ,6,13
詶,08A76,言 ,6,13
詹,08A79,言 ,6,13
詻,08A7B,言 ,6,13
詼,08A7C,言 ,6,13
詾,08A7E,言 ,6,13
詿,08A7F,言 ,6,13
誂,08A82,言 ,6,13
誃,08A83,言 ,6,13
誄,08A84,言 ,6,13
誅,08A85,言 ,6,13
誆,08A86,言 ,6,13
誇,08A87,言 ,6,13
誉,08A89,言 ,6,13
誋,08A8B,言 ,7,14
誌,08A8C,言 ,7,14
認,08A8D,言 ,7,14
誏,08A8F,言 ,7,14
誑,08A91,言 ,7,14
誒,08A92,言 ,7,14
誓,08A93,言 ,7,14
誕,08A95,言 ,8,15
誖,08A96,言 ,7,14
誘,08A98,言 ,7,14
誙,08A99,言 ,7,14
誚,08A9A,言 ,7,14
語,08A9E,言 ,7,14
誠,08AA0,言 ,6,13
誡,08AA1,言 ,7,14
誣,08AA3,言 ,7,14
誤,08AA4,言 ,7,14
誥,08AA5,言 ,7,14
誦,08AA6,言 ,7,14
誨,08AA8,言 ,7,14
說,08AAA,言 ,7,14
誰,08AB0,言 ,8,15
課,08AB2,言 ,8,15
誶,08AB6,言 ,8,15
誹,08AB9,言 ,8,15
誻,08ABB,言 ,8,15
誼,08ABC,言 ,8,15
誾,08ABE,言 ,8,15
調,08ABF,言 ,8,15
諂,08AC2,言 ,8,15
諄,08AC4,言 ,8,15
諆,08AC6,言 ,8,15
談,08AC7,言 ,8,15
諉,08AC9,言 ,8,15
請,08ACB,言 ,8,15
諍,08ACD,言 ,8,15
諏,08ACF,言 ,8,15
諑,08AD1,言 ,8,15
諒,08AD2,言 ,8,15
諓,08AD3,言 ,8,15
諔,08AD4,言 ,8,15
諕,08AD5,言 ,8,15
論,08AD6,言 ,8,15
諗,08AD7,言 ,8,15
諚,08ADA,言,8,15
諛,08ADB,言 ,8,15
諜,08ADC,言 ,9,16
諝,08ADD,言 ,9,16
諞,08ADE,言 ,9,16
諟,08ADF,言 ,9,16
諠,08AE0,言 ,9,16
諡,08AE1,言 ,9,16
諢,08AE2,言 ,9,16
諤,08AE4,言 ,9,16
諦,08AE6,言 ,9,16
諧,08AE7,言 ,9,16
諩,08AE9,言 ,8,15
諫,08AEB,言 ,9,16
諭,08AED,言 ,9,16
諮,08AEE,言 ,9,16
諰,08AF0,言 ,9,16
諱,08AF1,言 ,9,16
諳,08AF3,言 ,9,16
諴,08AF4,言 ,9,16
諵,08AF5,言 ,9,16
諶,08AF6,言 ,9,16
諷,08AF7,言 ,9,16
諸,08AF8,言 ,8,15
諺,08AFA,言 ,9,16
諼,08AFC,言 ,9,16
諾,08AFE,言 ,9,16
謀,08B00,言 ,9,16
謁,08B01,言 ,9,16
謂,08B02,言 ,9,16
謄,08B04,言 ,10,17
謅,08B05,言 ,10,17
謇,08B07,言 ,10,17
謈,08B08,言 ,10,17
謊,08B0A,言 ,10,17
謋,08B0B,言 ,10,17
謌,08B0C,言 ,10,17
謎,08B0E,言 ,10,17
謏,08B0F,言 ,10,17
謐,08B10,言 ,10,17
謔,08B14,言 ,9,16
謖,08B16,言 ,10,17
謗,08B17,言 ,10,17
謙,08B19,言 ,10,17
謚,08B1A,言 ,10,17
謚,08B1A,言 ,10,17
講,08B1B,言 ,10,17
謝,08B1D,言 ,10,17
謞,08B1E,言 ,10,17
謟,08B1F,言 ,10,17
謠,08B20,言 ,10,17
謣,08B23,言 ,11,18
謥,08B25,言 ,11,18
謦,08B26,言 ,11,18
謨,08B28,言 ,11,18
謫,08B2B,言 ,11,18
謬,08B2C,言 ,11,18
謯,08B2F,言 ,11,18
謰,08B30,言 ,11,18
謳,08B33,言 ,11,18
謵,08B35,言 ,11,18
謷,08B37,言 ,11,18
謹,08B39,言 ,11,18
謻,08B3B,言 ,11,18
謼,08B3C,言 ,11,18
謾,08B3E,言 ,11,18
譁,08B41,言 ,12,19
譆,08B46,言 ,12,19
譇,08B47,言 ,11,18
證,08B49,言 ,12,19
譊,08B4A,言 ,12,19
譌,08B4C,言 ,12,19
譎,08B4E,言 ,12,19
譏,08B4F,言 ,12,19
譔,08B54,言 ,12,19
譕,08B55,言 ,12,19
譖,08B56,言 ,12,19
識,08B58,言 ,12,19
譙,08B59,言 ,12,19
譚,08B5A,言 ,12,19
譜,08B5C,言 ,12,19
譟,08B5F,言 ,13,20
譣,08B63,言 ,13,20
警,08B66,言 ,13,20
譨,08B68,言 ,13,20
譫,08B6B,言 ,13,20
譬,08B6C,言 ,13,20
譯,08B6F,言 ,13,20
議,08B70,言 ,13,20
譴,08B74,言 ,14,21
護,08B77,言 ,14,21
譸,08B78,言 ,14,21
譽,08B7D,言 ,14,21
譾,08B7E,言 ,15,22
讀,08B80,言 ,15,22
讁,08B81,言 ,15,22
讅,08B85,言 ,15,22
讆,08B86,言 ,15,22
讇,08B87,言 ,16,23
變,08B8A,言 ,16,23
讋,08B8B,言 ,16,23
讌,08B8C,言 ,16,23
讎,08B8E,言 ,16,23
讐,08B90,言 ,16,23
讒,08B92,言 ,17,24
讓,08B93,言 ,17,24
讔,08B94,言 ,17,24
讕,08B95,言 ,17,24
讖,08B96,言 ,17,24
讘,08B98,言 ,18,25
讙,08B99,言 ,18,25
讚,08B9A,言 ,19,26
讜,08B9C,言 ,20,27
讞,08B9E,言 ,20,27
讟,08B9F,言 ,22,29
谷,08C37,谷 ,0,7
谹,08C39,谷 ,4,11
谽,08C3D,谷 ,7,14
谿,08C3F,谷 ,10,17
豁,08C41,谷 ,10,17
豆,08C46,豆 ,0,7
豇,08C47,豆 ,3,10
豈,08C48,豆 ,3,10
豉,08C49,豆 ,4,11
豊,08C4A,豆 ,6,13
豋,08C4B,豆 ,6,13
豌,08C4C,豆 ,8,15
豎,08C4E,豆 ,8,15
豐,08C50,豆 ,11,18
豔,08C54,豆 ,21,28
豕,08C55,豕 ,0,7
豗,08C57,豕 ,3,10
豚,08C5A,豕 ,4,11
豜,08C5C,豕 ,4,11
豝,08C5D,豕 ,4,11
象,08C61,豕 ,5,12
豢,08C62,豕 ,6,13
豣,08C63,豕 ,6,13
豨,08C68,豕 ,7,14
豪,08C6A,豕 ,7,14
豫,08C6B,豕 ,9,16
豬,08C6C,豕 ,8,15
豭,08C6D,豕 ,9,16
豳,08C73,豕 ,10,17
豵,08C75,豕 ,11,18
豶,08C76,豕 ,12,19
豷,08C77,豕 ,12,19
豸,08C78,豸 ,0,7
豹,08C79,豸 ,3,10
豺,08C7A,豸 ,3,10
豻,08C7B,豸 ,3,10
豼,08C7C,豸 ,4,11
貂,08C82,豸 ,5,12
貅,08C85,豸 ,6,13
貆,08C86,豸 ,6,13
貉,08C89,豸 ,6,13
貊,08C8A,豸 ,6,13
貌,08C8C,豸 ,7,14
貍,08C8D,豸 ,7,14
貏,08C8F,豸 ,8,15
貐,08C90,豸 ,9,16
貒,08C92,豸 ,9,16
貓,08C93,豸 ,9,16
貔,08C94,豸 ,10,17
貕,08C95,豸 ,10,17
貗,08C97,豸 ,11,18
貘,08C98,豸 ,11,18
貙,08C99,豸 ,11,18
貛,08C9B,豸 ,18,25
貝,08C9D,貝 ,0,7
貞,08C9E,貝 ,2,9
貟,08C9F,貝 ,2,9
負,08CA0,貝 ,2,9
財,08CA1,貝 ,3,10
貢,08CA2,貝 ,3,10
貣,08CA3,貝 ,3,10
貤,08CA4,貝 ,3,10
貧,08CA7,貝 ,4,11
貨,08CA8,貝 ,4,11
販,08CA9,貝 ,4,11
貪,08CAA,貝 ,4,11
貫,08CAB,貝 ,4,11
責,08CAC,貝 ,4,11
貭,08CAD,貝 ,4,11
貯,08CAF,貝 ,5,12
貰,08CB0,貝 ,5,12
貲,08CB2,貝 ,6,13
貳,08CB3,貝 ,5,12
貴,08CB4,貝 ,5,12
貶,08CB6,貝 ,5,12
買,08CB7,貝 ,5,12
貸,08CB8,貝 ,5,12
貺,08CBA,貝 ,5,12
費,08CBB,貝 ,5,12
貼,08CBC,貝 ,5,12
貽,08CBD,貝 ,5,12
貾,08CBE,貝 ,5,12
貿,08CBF,貝 ,5,12
賀,08CC0,貝 ,5,12
賁,08CC1,貝 ,5,12
賂,08CC2,貝 ,6,13
賃,08CC3,貝 ,6,13
賄,08CC4,貝 ,6,13
賅,08CC5,貝 ,6,13
資,08CC7,貝 ,6,13
賈,08CC8,貝 ,6,13
賊,08CCA,貝 ,6,13
賍,08CCD,貝 ,6,13
賑,08CD1,貝 ,7,14
賒,08CD2,貝 ,7,14
賓,08CD3,貝 ,7,14
賔,08CD4,貝 ,7,14
賕,08CD5,貝 ,7,14
賙,08CD9,貝 ,8,15
賚,08CDA,貝 ,8,15
賛,08CDB,貝 ,8,15
賜,08CDC,貝 ,8,15
賝,08CDD,貝 ,8,15
賞,08CDE,貝 ,8,15
賠,08CE0,貝 ,8,15
賡,08CE1,貝 ,8,15
賢,08CE2,貝 ,8,15
賣,08CE3,貝 ,8,15
賤,08CE4,貝 ,8,15
賦,08CE6,貝 ,8,15
賨,08CE8,貝 ,8,15
質,08CEA,貝 ,8,15
賫,08CEB,貝 ,8,15
賬,08CEC,貝 ,8,15
賭,08CED,貝 ,8,15
賴,08CF4,貝 ,9,16
賵,08CF5,貝 ,9,16
賷,08CF7,貝 ,10,17
賸,08CF8,貝 ,10,17
賺,08CFA,貝 ,10,17
賻,08CFB,貝 ,10,17
購,08CFC,貝 ,10,17
賽,08CFD,貝 ,10,17
賾,08CFE,貝 ,11,18
贄,08D04,貝 ,11,18
贅,08D05,貝 ,11,18
贇,08D07,貝 ,12,19
贈,08D08,貝 ,12,19
贊,08D0A,貝 ,12,19
贋,08D0B,貝 ,15,22
贍,08D0D,貝 ,13,20
贏,08D0F,貝 ,13,20
贐,08D10,貝 ,14,21
贑,08D11,貝 ,14,21
贓,08D13,貝 ,14,21
贔,08D14,貝 ,14,21
贕,08D15,貝 ,15,22
贖,08D16,貝 ,15,22
贗,08D17,貝 ,15,22
贛,08D1B,貝 ,17,24
贜,08D1C,貝 ,18,25
赤,08D64,赤 ,0,7
赦,08D66,赤 ,4,11
赧,08D67,赤 ,4,11
赨,08D68,赤 ,6,13
赩,08D69,赤 ,6,13
赫,08D6B,赤 ,7,14
赬,08D6C,赤 ,9,16
赭,08D6D,赤 ,8,15
赮,08D6E,赤 ,9,16
赯,08D6F,赤 ,10,17
走,08D70,走 ,0,7
赳,08D73,走 ,2,9
赴,08D74,走 ,2,9
赶,08D76,走 ,3,10
赶,08D76,走 ,3,10
起,08D77,走 ,3,10
赸,08D78,走 ,3,10
趁,08D81,走 ,5,12
趂,08D82,走 ,5,12
趄,08D84,走 ,5,12
超,08D85,走 ,5,12
越,08D8A,走 ,5,12
趋,08D8B,走 ,5,12
趑,08D91,走 ,6,13
趓,08D93,走 ,6,13
趔,08D94,走 ,6,13
趕,08D95,走 ,7,14
趖,08D96,走 ,7,14
趙,08D99,走 ,7,14
趟,08D9F,走 ,8,15
趠,08DA0,走 ,8,15
趡,08DA1,走 ,8,15
趣,08DA3,走 ,8,15
趦,08DA6,走 ,9,16
趨,08DA8,走 ,10,17
趫,08DAB,走 ,12,19
趬,08DAC,走 ,12,19
趮,08DAE,走 ,13,20
趯,08DAF,走 ,14,21
趲,08DB2,走 ,19,26
足,08DB3,足 ,0,7
趴,08DB4,足 ,2,9
趵,08DB5,足 ,3,10
趷,08DB7,足 ,3,10
趹,08DB9,足 ,4,11
趺,08DBA,足 ,4,11
趻,08DBB,足 ,4,11
趼,08DBC,足 ,4,11
趾,08DBE,足 ,4,11
趿,08DBF,足 ,4,11
跂,08DC2,足 ,4,11
跅,08DC5,足 ,5,12
跆,08DC6,足 ,5,12
跇,08DC7,足 ,5,12
跋,08DCB,足 ,5,12
跌,08DCC,足 ,5,12
跎,08DCE,足 ,5,12
跏,08DCF,足 ,5,12
跐,08DD0,足 ,6,13
跑,08DD1,足 ,5,12
跓,08DD3,足 ,5,12
跕,08DD5,足 ,5,12
跖,08DD6,足 ,5,12
跗,08DD7,足 ,5,12
跚,08DDA,足 ,5,12
跛,08DDB,足 ,5,12
距,08DDD,足 ,5,12
跟,08DDF,足 ,6,13
跡,08DE1,足 ,6,13
跢,08DE2,足 ,6,13
跣,08DE3,足 ,6,13
跤,08DE4,足 ,6,13
跦,08DE6,足 ,6,13
跧,08DE7,足 ,6,13
跨,08DE8,足 ,6,13
跩,08DE9,足 ,6,13
跪,08DEA,足 ,6,13
跫,08DEB,足 ,6,13
跬,08DEC,足 ,6,13
跮,08DEE,足 ,6,13
路,08DEF,足 ,6,13
跱,08DF1,足 ,6,13
跲,08DF2,足 ,6,13
跳,08DF3,足 ,6,13
跴,08DF4,足 ,6,13
跺,08DFA,足 ,6,13
跼,08DFC,足 ,7,14
跽,08DFD,足 ,7,14
跿,08DFF,足 ,7,14
踁,08E01,足 ,7,14
踂,08E02,足 ,7,14
踅,08E05,足 ,7,14
踆,08E06,足 ,7,14
踈,08E08,足 ,7,14
踉,08E09,足 ,7,14
踊,08E0A,足 ,7,14
踏,08E0F,足 ,8,15
踐,08E10,足 ,8,15
踔,08E14,足 ,8,15
踕,08E15,足 ,8,15
踖,08E16,足 ,8,15
踘,08E18,足 ,8,15
踝,08E1D,足 ,8,15
踞,08E1E,足 ,8,15
踟,08E1F,足 ,8,15
踠,08E20,足 ,8,15
踡,08E21,足 ,8,15
踢,08E22,足 ,8,15
踣,08E23,足 ,8,15
踤,08E24,足 ,8,15
踥,08E25,足 ,8,15
踦,08E26,足 ,8,15
踧,08E27,足 ,8,15
踩,08E29,足 ,8,15
踪,08E2A,足 ,8,15
踫,08E2B,足 ,8,15
踮,08E2E,足 ,8,15
踰,08E30,足 ,9,16
踱,08E31,足 ,9,16
踳,08E33,足 ,9,16
踴,08E34,足 ,9,16
踵,08E35,足 ,9,16
踶,08E36,足 ,9,16
踸,08E38,足 ,9,16
踹,08E39,足 ,9,16
踽,08E3D,足 ,9,16
蹀,08E40,足 ,9,16
蹁,08E41,足 ,9,16
蹂,08E42,足 ,9,16
蹄,08E44,足 ,9,16
蹅,08E45,足 ,9,16
蹇,08E47,足 ,10,17
蹈,08E48,足 ,10,17
蹉,08E49,足 ,10,17
蹊,08E4A,足 ,10,17
蹋,08E4B,足 ,10,17
蹌,08E4C,足 ,10,17
蹍,08E4D,足 ,10,17
蹎,08E4E,足 ,10,17
蹏,08E4F,足 ,10,17
蹐,08E50,足 ,10,17
蹓,08E53,足 ,10,17
蹔,08E54,足 ,11,18
蹕,08E55,足 ,11,18
蹙,08E59,足 ,11,18
蹚,08E5A,足 ,11,18
蹜,08E5C,足 ,11,18
蹝,08E5D,足 ,11,18
蹞,08E5E,足 ,11,18
蹟,08E5F,足 ,11,18
蹠,08E60,足 ,11,18
蹡,08E61,足 ,11,18
蹢,08E62,足 ,11,18
蹣,08E63,足 ,11,18
蹤,08E64,足 ,11,18
蹦,08E66,足 ,11,18
蹧,08E67,足 ,11,18
蹩,08E69,足 ,11,18
蹪,08E6A,足 ,12,19
蹬,08E6C,足 ,12,19
蹭,08E6D,足 ,12,19
蹮,08E6E,足 ,12,19
蹯,08E6F,足 ,12,19
蹰,08E70,足 ,14,21
蹲,08E72,足 ,12,19
蹳,08E73,足 ,12,19
蹴,08E74,足 ,12,19
蹵,08E75,足 ,12,19
蹶,08E76,足 ,12,19
蹺,08E7A,足 ,12,19
蹻,08E7B,足 ,12,19
蹼,08E7C,足 ,12,19
躁,08E81,足 ,13,20
躂,08E82,足 ,13,20
躃,08E83,足 ,13,20
躄,08E84,足 ,13,20
躅,08E85,足 ,13,20
躆,08E86,足 ,13,20
躇,08E87,足 ,12,19
躈,08E88,足 ,13,20
躉,08E89,足 ,13,20
躊,08E8A,足 ,14,21
躋,08E8B,足 ,14,21
躍,08E8D,足 ,14,21
躐,08E90,足 ,15,22
躑,08E91,足 ,15,22
躒,08E92,足 ,15,22
躓,08E93,足 ,15,22
躔,08E94,足 ,15,22
躕,08E95,足 ,15,22
躗,08E97,足 ,15,22
躚,08E9A,足 ,15,22
躞,08E9E,足 ,17,24
躟,08E9F,足 ,17,24
躠,08EA0,足 ,17,24
躡,08EA1,足 ,18,25
躣,08EA3,足 ,18,25
躥,08EA5,足 ,18,25
躦,08EA6,足 ,19,26
躧,08EA7,足 ,19,26
躩,08EA9,足 ,20,27
躪,08EAA,足 ,20,27
身,08EAB,身 ,0,7
躬,08EAC,身 ,3,10
躭,08EAD,身 ,4,11
躮,08EAE,身,4,11
躯,08EAF,身 ,4,11
躰,08EB0,身 ,5,12
躱,08EB1,身 ,6,13
躲,08EB2,身 ,6,13
躳,08EB3,身 ,7,14
躶,08EB6,身 ,8,15
躺,08EBA,身 ,8,15
躾,08EBE,身,9,16
軀,08EC0,身 ,11,18
軃,08EC3,身 ,12,19
軃,08EC3,身 ,12,19
軄,08EC4,身 ,12,19
軆,08EC6,身 ,13,20
軈,08EC8,身,17,24
車,08ECA,車 ,0,7
軋,08ECB,車 ,1,8
軌,08ECC,車 ,2,9
軍,08ECD,車 ,2,9
軏,08ECF,車 ,3,10
軑,08ED1,車 ,3,10
軒,08ED2,車 ,3,10
軔,08ED4,車 ,3,10
軘,08ED8,車 ,4,11
軛,08EDB,車 ,4,11
軜,08EDC,車 ,4,11
軟,08EDF,車 ,4,11
転,08EE2,車 ,4,11
軥,08EE5,車 ,5,12
軨,08EE8,車 ,5,12
軫,08EEB,車 ,5,12
軬,08EEC,車 ,5,12
軯,08EEF,車 ,5,12
軱,08EF1,車 ,5,12
軷,08EF7,車 ,5,12
軸,08EF8,車 ,5,12
軹,08EF9,車 ,5,12
軺,08EFA,車 ,5,12
軻,08EFB,車 ,5,12
軼,08EFC,車 ,5,12
軽,08EFD,車 ,5,12
軾,08EFE,車 ,6,13
軿,08EFF,車 ,6,13
輀,08F00,車 ,6,13
輂,08F02,車 ,6,13
較,08F03,車 ,6,13
輅,08F05,車 ,6,13
輇,08F07,車 ,6,13
輈,08F08,車 ,6,13
載,08F09,車 ,6,13
輊,08F0A,車 ,6,13
輒,08F12,車 ,7,14
輓,08F13,車 ,7,14
輔,08F14,車 ,7,14
輕,08F15,車 ,7,14
輖,08F16,車 ,8,15
輗,08F17,車 ,8,15
輘,08F18,車 ,8,15
輙,08F19,車 ,8,15
輚,08F1A,車 ,8,15
輛,08F1B,車 ,8,15
輜,08F1C,車 ,8,15
輝,08F1D,車 ,8,15
輞,08F1E,車 ,8,15
輟,08F1F,車 ,8,15
輠,08F20,車 ,8,15
輣,08F23,車 ,8,15
輥,08F25,車 ,8,15
輦,08F26,車 ,8,15
輧,08F27,車 ,8,15
輩,08F29,車 ,8,15
輪,08F2A,車 ,8,15
輬,08F2C,車 ,8,15
輭,08F2D,車 ,9,16
輮,08F2E,車 ,9,16
輯,08F2F,車 ,9,16
輲,08F32,車 ,9,16
輳,08F33,車 ,9,16
輴,08F34,車 ,9,16
輶,08F36,車 ,9,16
輷,08F37,車 ,9,16
輸,08F38,車 ,9,16
輹,08F39,車 ,9,16
輻,08F3B,車 ,9,16
輾,08F3E,車 ,10,17
輿,08F3F,車 ,10,17
轀,08F40,車 ,10,17
轂,08F42,車 ,10,17
轄,08F44,車 ,10,17
轅,08F45,車 ,10,17
轆,08F46,車 ,11,18
轇,08F47,車 ,11,18
轉,08F49,車 ,11,18
轍,08F4D,車 ,11,18
轎,08F4E,車 ,12,19
轏,08F4F,車 ,12,19
轐,08F50,車 ,12,19
轑,08F51,車 ,12,19
轒,08F52,車 ,12,19
轓,08F53,車 ,12,19
轔,08F54,車 ,12,19
轕,08F55,車 ,13,20
轖,08F56,車 ,13,20
轗,08F57,車 ,13,20
轘,08F58,車 ,13,20
轙,08F59,車 ,13,20
轚,08F5A,車 ,13,20
轜,08F5C,車 ,14,21
轝,08F5D,車 ,14,21
轟,08F5F,車 ,14,21
轠,08F60,車 ,15,22
轡,08F61,車 ,15,22
轢,08F62,車 ,15,22
轣,08F63,車 ,16,23
轤,08F64,車 ,16,23
辛,08F9B,辛 ,0,7
辜,08F9C,辛 ,5,12
辝,08F9D,辛 ,5,12
辞,08F9E,辛 ,6,13
辟,08F9F,辛 ,6,13
辠,08FA0,辛 ,6,13
辡,08FA1,辛 ,7,14
辣,08FA3,辛 ,7,14
辤,08FA4,辛 ,8,15
辥,08FA5,辛 ,9,16
辦,08FA6,辛 ,9,16
辨,08FA8,辛 ,9,16
辭,08FAD,辛 ,12,19
辮,08FAE,糸 ,14,20
辯,08FAF,辛 ,14,21
辰,08FB0,辰 ,0,7
辱,08FB1,辰 ,3,10
農,08FB2,辰 ,6,13
辳,08FB3,辰 ,8,15
辴,08FB4,辰 ,12,19
辵,08FB5,辵 ,0,7
辷,08FB7,辵,1,5
边,08FB9,辵 ,2,6
辻,08FBB,辵,2,6
込,08FBC,辵,2,5
迁,08FC1,辵 ,3,7
迂,08FC2,辵 ,3,7
迄,08FC4,辵 ,3,7
迅,08FC5,辵 ,3,7
迆,08FC6,辵 ,3,7
过,08FC7,辵 ,3,7
迊,08FCA,辵 ,4,8
迋,08FCB,辵 ,4,8
迍,08FCD,辵 ,4,8
迎,08FCE,辵 ,4,8
近,08FD1,辵 ,4,8
迒,08FD2,辵 ,4,8
迓,08FD3,辵 ,4,8
返,08FD4,辵 ,4,8
迕,08FD5,辵 ,4,8
还,08FD8,辵 ,4,8
这,08FD9,辵 ,4,8
远,08FDC,辵 ,4,8
迢,08FE2,辵 ,5,9
迤,08FE4,辵 ,5,9
迥,08FE5,辵 ,5,9
迦,08FE6,辵 ,5,9
迨,08FE8,辵 ,5,9
迩,08FE9,辵 ,5,9
迪,08FEA,辵 ,5,9
迫,08FEB,辵 ,5,9
迭,08FED,辵 ,5,9
迮,08FEE,辵 ,5,9
述,08FF0,辵 ,5,9
迴,08FF4,辵 ,6,10
迷,08FF7,辵 ,6,10
迸,08FF8,辵 ,6,10
迹,08FF9,辵 ,6,10
迺,08FFA,辵 ,6,10
迻,08FFB,辵 ,6,10
追,08FFD,辵 ,6,10
迿,08FFF,辵 ,6,10
退,09000,辵 ,6,10
送,09001,辵 ,6,10
适,09002,辵 ,6,10
适,09002,辵 ,6,10
逃,09003,辵 ,6,10
逄,09004,辵 ,6,10
逄,09004,辵 ,6,10
逅,09005,辵 ,6,10
逆,09006,辵 ,6,10
逈,09008,辵 ,6,10
选,09009,辵 ,6,10
逊,0900A,辵 ,6,10
逋,0900B,辵 ,7,11
逌,0900C,辵 ,7,11
逍,0900D,辵 ,7,11
透,0900F,辵 ,7,11
逐,09010,辵 ,7,11
逑,09011,辵 ,7,11
递,09012,辵 ,7,11
途,09014,辵 ,7,11
逕,09015,辵 ,7,11
逖,09016,辵 ,7,11
逗,09017,辵 ,7,11
這,09019,辵 ,7,11
通,0901A,辵 ,7,11
逛,0901B,辵 ,7,11
逝,0901D,辵 ,7,11
逞,0901E,辵 ,7,11
速,0901F,辵 ,7,11
造,09020,辵 ,7,11
逡,09021,辵 ,7,11
逢,09022,辵 ,7,11
連,09023,辵 ,7,11
逤,09024,辵 ,7,11
逩,09029,辵 ,8,12
逬,0902C,辵 ,8,12
逭,0902D,辵 ,8,12
逮,0902E,辵 ,8,12
逯,0902F,辵 ,8,12
逰,09030,辵 ,8,12
週,09031,辵 ,8,12
進,09032,辵 ,8,12
逴,09034,辵 ,8,12
逵,09035,辵 ,8,12
逶,09036,辵 ,8,12
逸,09038,辵 ,8,12
逺,0903A,辵 ,8,12
逻,0903B,辵 ,8,12
逼,0903C,辵 ,9,13
逾,0903E,辵 ,9,13
逿,0903F,辵 ,9,13
遁,09041,辵 ,9,13
遂,09042,辵 ,9,13
遄,09044,辵 ,9,13
遇,09047,辵 ,9,13
遊,0904A,辵 ,9,13
運,0904B,辵 ,9,13
遍,0904D,辵 ,9,13
過,0904E,辵 ,9,13
遏,0904F,辵 ,9,13
遐,09050,辵 ,9,13
遑,09051,辵 ,9,13
遒,09052,辵 ,9,13
道,09053,辵 ,9,13
達,09054,辵 ,9,13
違,09055,辵 ,9,13
遖,09056,辵,9,13
遘,09058,辵 ,10,14
遙,09059,辵 ,10,14
遛,0905B,辵 ,10,14
遜,0905C,辵 ,10,14
遝,0905D,辵 ,10,14
遞,0905E,辵 ,10,14
遟,0905F,辵 ,10,14
遠,09060,辵 ,10,14
遡,09061,辵 ,10,14
遢,09062,辵 ,10,14
遣,09063,辵 ,10,14
遨,09068,辵 ,11,15
適,09069,辵 ,11,15
遬,0906C,辵 ,11,15
遭,0906D,辵 ,11,15
遮,0906E,辵 ,11,15
遯,0906F,辵 ,11,15
遰,09070,辵 ,11,15
遲,09072,辵 ,12,16
遳,09073,辵 ,11,15
遴,09074,辵 ,12,16
遵,09075,辵 ,12,16
遶,09076,辵 ,12,16
遷,09077,辵 ,11,15
選,09078,辵 ,12,16
遹,09079,辵 ,12,16
遺,0907A,辵 ,12,16
遻,0907B,辵 ,12,16
遼,0907C,辵 ,12,16
遽,0907D,辵 ,13,17
避,0907F,辵 ,13,17
邀,09080,辵 ,13,17
邁,09081,辵 ,13,17
邂,09082,辵 ,13,17
邃,09083,辵 ,14,18
還,09084,辵 ,13,17
邅,09085,辵 ,13,17
邇,09087,辵 ,14,18
邈,09088,辵 ,14,18
邉,09089,辵 ,14,18
邊,0908A,辵 ,15,19
邋,0908B,辵 ,15,19
邏,0908F,辵 ,19,23
邐,09090,辵 ,19,23
邑,09091,邑 ,0,7
邕,09095,邑 ,3,10
邗,09097,邑 ,3,6
邘,09098,邑 ,3,6
邙,09099,邑 ,3,6
邛,0909B,邑 ,3,6
邠,090A0,邑 ,4,7
邡,090A1,邑 ,4,7
邢,090A2,邑 ,4,7
那,090A3,邑 ,4,7
邥,090A5,邑 ,4,7
邦,090A6,邑 ,4,7
邧,090A7,邑 ,4,7
邨,090A8,邑 ,4,7
邪,090AA,邑 ,4,7
邯,090AF,邑 ,5,8
邰,090B0,邑 ,5,8
邱,090B1,邑 ,5,8
邲,090B2,邑 ,5,8
邳,090B3,邑 ,5,8
邴,090B4,邑 ,5,8
邵,090B5,邑 ,5,8
邶,090B6,邑 ,5,8
邸,090B8,邑 ,5,8
邽,090BD,邑 ,6,9
邾,090BE,邑 ,6,9
邿,090BF,邑 ,6,9
郁,090C1,邑 ,6,9
郃,090C3,邑 ,6,9
郄,090C4,邑 ,6,9
郅,090C5,邑 ,6,9
郇,090C7,邑 ,6,9
郈,090C8,邑 ,6,9
郉,090C9,邑 ,6,9
郊,090CA,邑 ,6,9
郎,090CE,邑 ,6,9
郑,090D1,邑 ,6,9
郔,090D4,邑 ,8,11
郕,090D5,邑 ,6,9
郗,090D7,邑 ,7,10
郘,090D8,邑 ,7,10
郙,090D9,邑 ,7,10
郚,090DA,邑 ,7,10
郛,090DB,邑 ,7,10
郜,090DC,邑 ,7,10
郝,090DD,邑 ,7,10
郟,090DF,邑 ,7,10
郠,090E0,邑 ,7,10
郡,090E1,邑 ,7,10
郢,090E2,邑 ,7,10
郣,090E3,邑 ,7,10
郤,090E4,邑 ,7,10
部,090E8,邑 ,8,11
郪,090EA,邑 ,8,11
郫,090EB,邑 ,8,11
郭,090ED,邑 ,8,11
郯,090EF,邑 ,8,11
郰,090F0,邑 ,8,11
郲,090F2,邑 ,8,11
郳,090F3,邑 ,8,11
郴,090F4,邑 ,8,11
郵,090F5,邑 ,9,12
郼,090FC,邑 ,9,12
都,090FD,邑 ,8,11
郾,090FE,邑 ,9,12
郿,090FF,邑 ,9,12
鄀,09100,邑 ,9,12
鄂,09102,邑 ,9,12
鄄,09104,邑 ,9,12
鄆,09106,邑 ,9,12
鄇,09107,邑 ,9,12
鄉,09109,邑 ,9,12
鄍,0910D,邑 ,10,13
鄎,0910E,邑 ,10,13
鄏,0910F,邑 ,10,13
鄐,09110,邑 ,10,13
鄑,09111,邑 ,10,13
鄒,09112,邑 ,10,13
鄔,09114,邑 ,10,13
鄖,09116,邑 ,10,13
鄗,09117,邑 ,10,13
鄘,09118,邑 ,11,14
鄙,09119,邑 ,11,14
鄚,0911A,邑 ,11,14
鄜,0911C,邑 ,11,14
鄞,0911E,邑 ,11,14
鄠,09120,邑 ,11,14
鄡,09121,邑 ,11,14
鄢,09122,邑 ,11,14
鄣,09123,邑 ,11,14
鄤,09124,邑 ,11,14
鄦,09126,邑 ,12,15
鄧,09127,邑 ,12,15
鄩,09129,邑 ,12,15
鄪,0912A,邑 ,12,15
鄫,0912B,邑 ,12,15
鄬,0912C,邑 ,9,12
鄭,0912D,邑 ,12,15
鄮,0912E,邑 ,12,15
鄯,0912F,邑 ,12,15
鄰,09130,邑 ,12,15
鄱,09131,邑 ,12,15
鄲,09132,邑 ,12,15
鄳,09133,邑 ,13,16
鄴,09134,邑 ,13,16
鄶,09136,邑 ,13,16
鄸,09138,邑 ,14,17
鄹,09139,邑 ,14,17
鄺,0913A,邑 ,15,18
鄾,0913E,邑 ,15,18
酁,09141,邑 ,17,20
酃,09143,邑 ,17,20
酅,09145,邑 ,18,21
酆,09146,邑 ,18,21
酇,09147,邑 ,19,22
酈,09148,邑 ,19,22
酉,09149,酉 ,0,7
酊,0914A,酉 ,2,9
酋,0914B,酉 ,2,9
酌,0914C,酉 ,3,10
配,0914D,酉 ,3,10
酎,0914E,酉 ,3,10
酏,0914F,酉 ,3,10
酐,09150,酉 ,3,10
酒,09152,酉 ,3,10
酔,09154,酉 ,4,11
酖,09156,酉 ,4,11
酗,09157,酉 ,4,11
酘,09158,酉 ,4,11
酚,0915A,酉 ,4,11
酟,0915F,酉 ,5,12
酠,09160,酉 ,5,12
酡,09161,酉 ,5,12
酢,09162,酉 ,5,12
酣,09163,酉 ,5,12
酤,09164,酉 ,5,12
酥,09165,酉 ,5,12
酧,09167,酉 ,6,13
酩,09169,酉 ,6,13
酪,0916A,酉 ,6,13
酬,0916C,酉 ,6,13
酮,0916E,酉 ,6,13
酯,0916F,酉 ,6,13
酲,09172,酉 ,7,14
酳,09173,酉 ,7,14
酴,09174,酉 ,7,14
酵,09175,酉 ,7,14
酶,09176,酉 ,7,14
酷,09177,酉 ,7,14
酸,09178,酉 ,7,14
酹,09179,酉 ,7,14
酺,0917A,酉 ,7,14
醁,09181,酉 ,8,15
醃,09183,酉 ,8,15
醅,09185,酉 ,8,15
醆,09186,酉 ,8,15
醇,09187,酉 ,8,15
醉,09189,酉 ,8,15
醊,0918A,酉 ,8,15
醋,0918B,酉 ,8,15
醍,0918D,酉 ,9,16
醎,0918E,酉 ,9,16
醐,09190,酉 ,9,16
醑,09191,酉 ,9,16
醒,09192,酉 ,9,16
醓,09193,酉 ,9,16
醕,09195,酉 ,9,16
醚,0919A,酉 ,10,17
醛,0919B,酉 ,10,17
醜,0919C,酉 ,10,17
醞,0919E,酉 ,10,17
醟,0919F,酉 ,10,17
醡,091A1,酉 ,10,17
醢,091A2,酉 ,10,17
醣,091A3,酉 ,10,17
醥,091A5,酉 ,11,18
醨,091A8,酉 ,11,18
醪,091AA,酉 ,11,18
醫,091AB,酉 ,11,18
醬,091AC,酉 ,11,18
醭,091AD,酉 ,12,19
醮,091AE,酉 ,12,19
醯,091AF,酉 ,11,18
醰,091B0,酉 ,12,19
醱,091B1,酉 ,12,19
醲,091B2,酉 ,13,20
醳,091B3,酉 ,13,20
醴,091B4,酉 ,13,20
醵,091B5,酉 ,13,20
醹,091B9,酉 ,14,21
醺,091BA,酉 ,14,21
醻,091BB,酉 ,14,21
醼,091BC,酉 ,16,23
醽,091BD,酉 ,17,24
醾,091BE,酉 ,17,24
釀,091C0,酉 ,17,24
釁,091C1,酉 ,18,25
釂,091C2,酉 ,17,24
釃,091C3,酉 ,19,26
釄,091C4,酉 ,19,26
釅,091C5,酉 ,20,27
釆,091C6,釆 ,0,7
采,091C7,釆 ,1,8
釉,091C9,釆 ,6,13
釋,091CB,釆 ,13,20
里,091CC,里 ,0,7
重,091CD,里 ,2,9
野,091CE,里 ,4,11
量,091CF,里 ,5,12
釐,091D0,里 ,11,18
金,091D1,金 ,0,8
釓,091D3,金 ,1,9
釔,091D4,金 ,1,9
釕,091D5,金 ,2,10
釗,091D7,金 ,2,10
釘,091D8,金 ,2,10
釙,091D9,金 ,2,10
釜,091DC,金 ,2,10
針,091DD,金 ,2,10
釢,091E2,金 ,2,10
釣,091E3,金 ,3,11
釤,091E4,金 ,3,11
釦,091E6,金 ,3,11
釧,091E7,金 ,3,11
釩,091E9,金 ,3,11
釭,091ED,金 ,3,11
釱,091F1,金 ,3,11
釵,091F5,金 ,3,11
釶,091F6,金 ,3,11
釷,091F7,金 ,3,11
釹,091F9,金 ,3,11
釾,091FE,金 ,4,12
釿,091FF,金 ,4,12
鈀,09200,金 ,4,12
鈁,09201,金 ,4,12
鈃,09203,金 ,4,12
鈆,09206,金 ,4,12
鈆,09206,金 ,4,12
鈇,09207,金 ,4,12
鈉,09209,金 ,4,12
鈍,0920D,金 ,4,12
鈎,0920E,金 ,4,12
鈐,09210,金 ,4,12
鈑,09211,金 ,4,12
鈒,09212,金 ,4,12
鈔,09214,金 ,4,12
鈕,09215,金 ,4,12
鈚,0921A,金 ,4,12
鈜,0921C,金 ,4,12
鈞,0921E,金 ,4,12
鈡,09221,金 ,4,12
鈣,09223,金 ,4,12
鈥,09225,金 ,4,12
鈦,09226,金 ,4,12
鈧,09227,金 ,4,12
鈮,0922E,金 ,5,13
鈰,09230,金 ,5,13
鈳,09233,金 ,5,13
鈴,09234,金 ,5,13
鈷,09237,金 ,5,13
鈸,09238,金 ,5,13
鈹,09239,金 ,5,13
鈺,0923A,金 ,5,13
鈽,0923D,金 ,5,13
鈾,0923E,金 ,5,13
鈿,0923F,金 ,5,13
鉀,09240,金 ,5,13
鉄,09244,金 ,5,13
鉅,09245,金 ,5,13
鉈,09248,金 ,5,13
鉉,09249,金 ,5,13
鉋,0924B,金 ,5,13
鉍,0924D,金 ,5,13
鉏,0924F,金 ,5,13
鉑,09251,金 ,5,13
鉒,09252,金 ,5,13
鉕,09255,金 ,5,13
鉗,09257,金 ,5,13
鉚,0925A,金 ,5,13
鉛,0925B,金 ,5,13
鉞,0925E,金 ,5,13
鉠,09260,金 ,5,13
鉢,09262,金 ,5,13
鉤,09264,金 ,5,13
鉥,09265,金 ,5,13
鉦,09266,金 ,5,13
鉧,09267,金 ,5,13
鉬,0926C,金 ,5,13
鉭,0926D,金 ,5,13
鉲,09272,金 ,5,13
鉳,09273,金 ,5,13
鉶,09276,金 ,6,14
鉷,09277,金 ,6,14
鉸,09278,金 ,6,14
鉺,0927A,金 ,6,14
鉻,0927B,金 ,6,14
鉼,0927C,金 ,6,14
鉿,0927F,金 ,6,14
銀,09280,金 ,6,14
銃,09283,金 ,5,13
銅,09285,金 ,6,14
銍,0928D,金 ,6,14
銎,0928E,金 ,6,14
銑,09291,金 ,6,14
銒,09292,金 ,6,14
銓,09293,金 ,6,14
銕,09295,金 ,6,14
銖,09296,金 ,6,14
銗,09297,金 ,6,14
銘,09298,金 ,6,14
銚,0929A,金 ,6,14
銛,0929B,金 ,6,14
銜,0929C,金 ,6,14
銠,092A0,金 ,6,14
銣,092A3,金 ,6,14
銥,092A5,金 ,6,14
銦,092A6,金 ,6,14
銧,092A7,金 ,6,14
銨,092A8,金 ,6,14
銩,092A9,金 ,6,14
銪,092AA,金 ,6,14
銫,092AB,金 ,6,14
銬,092AC,金 ,6,14
銮,092AE,金 ,6,14
銱,092B1,金 ,6,14
銲,092B2,金 ,7,15
銳,092B3,金 ,7,15
銶,092B6,金 ,7,15
銷,092B7,金 ,7,15
銹,092B9,金 ,7,15
銻,092BB,金 ,7,15
銼,092BC,金 ,7,15
鋁,092C1,金 ,7,15
鋂,092C2,金 ,7,15
鋃,092C3,金 ,7,15
鋅,092C5,金 ,7,15
鋇,092C7,金 ,7,15
鋈,092C8,金 ,7,15
鋋,092CB,金 ,8,16
鋌,092CC,金 ,7,15
鋏,092CF,金 ,7,15
鋐,092D0,金 ,7,15
鋒,092D2,金 ,7,15
鋙,092D9,金 ,7,15
鋝,092DD,金 ,7,15
鋟,092DF,金 ,7,15
鋣,092E3,金 ,7,15
鋤,092E4,金 ,7,15
鋦,092E6,金 ,7,15
鋧,092E7,金 ,7,15
鋨,092E8,金 ,7,15
鋩,092E9,金 ,7,15
鋪,092EA,金 ,7,15
鋮,092EE,金 ,6,14
鋯,092EF,金 ,7,15
鋰,092F0,金 ,7,15
鋱,092F1,金 ,7,15
鋲,092F2,金 ,7,15
鋸,092F8,金 ,8,16
鋹,092F9,金 ,8,16
鋼,092FC,金 ,8,16
錁,09301,金 ,8,16
錄,09304,金 ,8,16
錆,09306,金 ,8,16
錏,0930F,金 ,8,16
錐,09310,金 ,8,16
錒,09312,金 ,8,16
錕,09315,金 ,8,16
錘,09318,金 ,9,17
錙,09319,金 ,8,16
錚,0931A,金 ,8,16
錛,0931B,金 ,8,16
錞,0931E,金 ,8,16
錟,0931F,金 ,8,16
錠,09320,金 ,8,16
錡,09321,金 ,8,16
錢,09322,金 ,8,16
錣,09323,金 ,8,16
錦,09326,金 ,8,16
錧,09327,金 ,8,16
錨,09328,金 ,9,17
錩,09329,金 ,8,16
錫,0932B,金 ,8,16
錮,0932E,金 ,8,16
錯,0932F,金 ,8,16
錳,09333,金 ,8,16
錶,09336,金 ,8,16
錸,09338,金 ,8,16
錺,0933A,金 ,8,16
錼,0933C,金 ,8,16
鍅,09345,金 ,8,16
鍆,09346,金 ,8,16
鍇,09347,金 ,9,17
鍉,09349,金 ,9,17
鍊,0934A,金 ,9,17
鍋,0934B,金 ,9,17
鍌,0934C,金 ,9,17
鍍,0934D,金 ,9,17
鍑,09351,金 ,9,17
鍔,09354,金 ,9,17
鍖,09356,金 ,9,17
鍘,09358,金 ,9,17
鍚,0935A,金 ,9,17
鍛,0935B,金 ,9,17
鍠,09360,金 ,9,17
鍤,09364,金 ,9,17
鍥,09365,金 ,9,17
鍩,09369,金 ,9,17
鍪,0936A,金 ,9,17
鍫,0936B,金 ,9,17
鍬,0936C,金 ,9,17
鍭,0936D,金 ,9,17
鍮,0936E,金 ,9,17
鍰,09370,金 ,9,17
鍳,09373,金 ,9,17
鍵,09375,金 ,9,17
鍶,09376,金 ,9,17
鍺,0937A,金 ,8,16
鍼,0937C,金 ,9,17
鍾,0937E,金 ,9,17
鎂,09382,金 ,9,17
鎊,0938A,金 ,10,18
鎌,0938C,金 ,10,18
鎏,0938F,金 ,9,17
鎔,09394,金 ,10,18
鎖,09396,金 ,10,18
鎗,09397,金 ,10,18
鎘,09398,金 ,10,18
鎚,0939A,金 ,10,18
鎛,0939B,金 ,10,18
鎝,0939D,金 ,10,18
鎞,0939E,金 ,10,18
鎡,093A1,金 ,9,17
鎢,093A2,金 ,10,18
鎦,093A6,金 ,10,18
鎧,093A7,金 ,10,18
鎩,093A9,金 ,11,19
鎪,093AA,金 ,10,18
鎬,093AC,金 ,10,18
鎮,093AE,金 ,10,18
鎰,093B0,金 ,10,18
鎳,093B3,金 ,10,18
鎴,093B4,金 ,10,18
鎵,093B5,金 ,10,18
鎷,093B7,金 ,10,18
鎸,093B8,金 ,10,18
鎹,093B9,金 ,10,18
鏁,093C1,金 ,11,19
鏃,093C3,金 ,11,19
鏇,093C7,金 ,11,19
鏈,093C8,金 ,11,19
鏊,093CA,金 ,11,19
鏌,093CC,金 ,11,19
鏍,093CD,金 ,11,19
鏐,093D0,金 ,11,19
鏑,093D1,金 ,11,19
鏖,093D6,金 ,11,19
鏗,093D7,金 ,11,19
鏘,093D8,金 ,11,19
鏙,093D9,金 ,11,19
鏚,093DA,金 ,11,19
鏜,093DC,金 ,11,19
鏝,093DD,金 ,11,19
鏞,093DE,金 ,11,19
鏟,093DF,金 ,11,19
鏡,093E1,金 ,11,19
鏢,093E2,金 ,11,19
鏤,093E4,金 ,11,19
鏦,093E6,金 ,11,19
鏨,093E8,金 ,11,19
鏮,093EE,金 ,11,19
鏵,093F5,金 ,12,20
鏷,093F7,金 ,12,20
鏹,093F9,金 ,11,19
鏽,093FD,金 ,12,20
鐃,09403,金 ,12,20
鐇,09407,金 ,12,20
鐋,0940B,金 ,12,20
鐍,0940D,金 ,12,20
鐎,0940E,金 ,12,20
鐏,0940F,金 ,12,20
鐐,09410,金 ,12,20
鐒,09412,金 ,12,20
鐔,09414,金 ,12,20
鐕,09415,金 ,12,20
鐘,09418,金 ,12,20
鐙,09419,金 ,12,20
鐠,09420,金 ,12,20
鐦,09426,金 ,12,20
鐧,09427,金 ,12,20
鐨,09428,金 ,12,20
鐫,0942B,金 ,12,20
鐭,0942D,金 ,13,21
鐮,0942E,金 ,13,21
鐲,09432,金 ,13,21
鐳,09433,金 ,13,21
鐵,09435,金 ,13,21
鐶,09436,金 ,13,21
鐸,09438,金 ,13,21
鐺,0943A,金 ,13,21
鐻,0943B,金 ,13,21
鐿,0943F,金 ,13,21
鑀,09440,金 ,13,21
鑄,09444,金 ,14,22
鑊,0944A,金 ,14,22
鑌,0944C,金 ,14,22
鑑,09451,金 ,14,22
鑒,09452,金 ,14,22
鑓,09453,金 ,14,22
鑔,09454,金 ,14,22
鑕,09455,金 ,15,23
鑛,0945B,金 ,15,23
鑞,0945E,金 ,15,23
鑠,09460,金 ,15,23
鑢,09462,金 ,15,23
鑣,09463,金 ,15,23
鑤,09464,金 ,15,23
鑥,09465,金 ,15,23
鑪,0946A,金 ,16,24
鑫,0946B,金 ,16,24
鑭,0946D,金 ,17,25
鑮,0946E,金 ,17,25
鑯,0946F,金 ,17,25
鑰,09470,金 ,17,25
鑱,09471,金 ,17,25
鑲,09472,金 ,17,25
鑵,09475,金 ,18,26
鑷,09477,金 ,18,26
鑹,09479,金 ,18,26
鑼,0947C,金 ,19,27
鑽,0947D,金 ,19,27
鑾,0947E,金 ,19,27
鑿,0947F,金 ,20,28
钁,09481,金 ,20,28
钂,09482,金 ,20,28
長,09577,長 ,0,8
镼,0957C,長 ,8,15
門,09580,門 ,0,8
閂,09582,門 ,1,9
閃,09583,門 ,2,10
閆,09586,門 ,3,11
閈,09588,門 ,3,11
閉,09589,門 ,3,11
閊,0958A,門,3,11
開,0958B,門 ,4,12
閌,0958C,門 ,4,12
閎,0958E,門 ,4,12
閏,0958F,門 ,4,12
閑,09591,門 ,4,12
閒,09592,門 ,4,12
間,09593,門 ,4,12
閔,09594,門 ,4,12
閘,09598,門 ,5,13
閙,09599,門 ,5,13
閛,0959B,門 ,5,13
閞,0959E,門 ,5,13
閟,0959F,門 ,5,13
閡,095A1,門 ,6,14
関,095A2,門 ,6,14
閣,095A3,門 ,6,14
閤,095A4,門 ,6,14
閥,095A5,門 ,6,14
閦,095A6,門 ,6,14
閧,095A7,門 ,6,14
閨,095A8,門 ,6,14
閩,095A9,門 ,6,14
閫,095AB,門 ,7,15
閬,095AC,門 ,7,15
閭,095AD,門 ,7,15
閱,095B1,門 ,7,15
閶,095B6,門 ,8,16
閹,095B9,門 ,8,16
閻,095BB,門 ,8,16
閼,095BC,門 ,8,16
閽,095BD,門 ,8,16
閾,095BE,門 ,8,16
閿,095BF,門 ,8,16
闃,095C3,門 ,9,17
闆,095C6,門 ,9,17
闇,095C7,門 ,9,17
闈,095C8,門 ,9,17
闉,095C9,門 ,9,17
闊,095CA,門 ,9,17
闋,095CB,門 ,9,17
闌,095CC,門 ,9,17
闍,095CD,門 ,8,16
闐,095D0,門 ,10,18
闑,095D1,門 ,10,18
闒,095D2,門 ,10,18
闓,095D3,門 ,10,18
闔,095D4,門 ,10,18
闕,095D5,門 ,10,18
闖,095D6,門 ,10,18
闚,095DA,門 ,11,19
關,095DC,門 ,11,19
闞,095DE,門 ,12,20
闟,095DF,門 ,12,20
闠,095E0,門 ,12,20
闡,095E1,門 ,12,20
闢,095E2,門 ,13,21
闤,095E4,門 ,13,21
闥,095E5,門 ,13,21
阜,0961C,阜 ,0,8
阞,0961E,阜 ,2,5
阡,09621,阜 ,3,6
阢,09622,阜 ,3,6
阤,09624,阜 ,3,6
阨,09628,阜 ,4,7
阪,0962A,阜 ,4,7
阫,0962B,阜 ,4,7
阬,0962C,阜 ,4,7
阮,0962E,阜 ,4,7
阯,0962F,阜 ,4,7
阰,09630,阜 ,4,7
阱,09631,阜 ,4,7
防,09632,阜 ,4,7
阸,09638,阜 ,5,8
阺,0963A,阜 ,5,8
阻,0963B,阜 ,5,8
阼,0963C,阜 ,5,8
阽,0963D,阜 ,5,8
阿,0963F,阜 ,5,8
陀,09640,阜 ,5,8
陂,09642,阜 ,5,8
附,09644,阜 ,5,8
际,09645,阜 ,5,8
陊,0964A,阜 ,6,9
陋,0964B,阜 ,6,9
陌,0964C,阜 ,6,9
降,0964D,阜 ,6,9
陏,0964F,阜 ,6,9
限,09650,阜 ,6,9
陔,09654,阜 ,6,9
陘,09658,阜 ,7,10
陛,0965B,阜 ,7,10
陜,0965C,阜 ,7,10
陝,0965D,阜 ,7,10
陞,0965E,阜 ,7,10
陟,0965F,阜 ,7,10
陡,09661,阜 ,7,10
院,09662,阜 ,7,10
陣,09663,阜 ,7,10
除,09664,阜 ,7,10
陪,0966A,阜 ,8,11
陬,0966C,阜 ,8,11
陰,09670,阜 ,8,11
陲,09672,阜 ,9,12
陳,09673,阜 ,8,11
陴,09674,阜 ,8,11
陵,09675,阜 ,8,11
陶,09676,阜 ,8,11
陷,09677,阜 ,8,11
陸,09678,阜 ,8,11
陻,0967B,阜 ,9,12
陼,0967C,阜 ,8,11
陽,0967D,阜 ,9,12
陾,0967E,阜 ,9,12
隂,09682,阜 ,9,12
隃,09683,阜 ,9,12
隄,09684,阜 ,9,12
隅,09685,阜 ,9,12
隆,09686,阜 ,9,12
隈,09688,阜 ,9,12
隉,09689,阜 ,9,12
隊,0968A,阜 ,9,12
隋,0968B,阜 ,9,12
隍,0968D,阜 ,9,12
階,0968E,阜 ,9,12
随,0968F,阜 ,10,13
隐,09690,阜 ,9,12
隔,09694,阜 ,10,13
隕,09695,阜 ,10,13
隗,09697,阜 ,10,13
隘,09698,阜 ,10,13
隙,09699,阜 ,11,14
際,0969B,阜 ,11,14
障,0969C,阜 ,11,14
隟,0969F,阜 ,11,14
隣,096A3,阜 ,12,15
隤,096A4,阜 ,12,15
隥,096A5,阜 ,12,15
隧,096A7,阜 ,13,16
隨,096A8,阜 ,13,16
隩,096A9,阜 ,13,16
險,096AA,阜 ,13,16
隮,096AE,阜 ,14,17
隰,096B0,阜 ,14,17
隱,096B1,阜 ,14,17
隲,096B2,阜 ,14,17
隳,096B3,阜 ,15,18
隴,096B4,阜 ,16,19
隶,096B6,隶 ,0,8
隷,096B7,隶 ,8,16
隸,096B8,隶 ,9,17
隹,096B9,隹 ,0,8
隻,096BB,隹 ,2,10
隼,096BC,隹 ,2,10
隽,096BD,隹 ,2,10
难,096BE,隹 ,2,10
雀,096C0,隹 ,3,11
雁,096C1,隹 ,4,12
雄,096C4,隹 ,4,12
雅,096C5,隹 ,4,12
集,096C6,隹 ,4,12
雇,096C7,隹 ,4,12
雈,096C8,隹 ,4,12
雉,096C9,隹 ,5,13
雊,096CA,隹 ,5,13
雋,096CB,隹 ,4,12
雌,096CC,隹 ,6,14
雍,096CD,隹 ,5,13
雎,096CE,隹 ,5,13
雑,096D1,隹 ,6,14
雒,096D2,隹 ,6,14
雔,096D4,隹 ,8,16
雕,096D5,隹 ,8,16
雖,096D6,隹 ,9,17
雘,096D8,隹 ,10,18
雙,096D9,隹 ,10,18
雛,096DB,隹 ,10,18
雜,096DC,隹 ,10,18
雝,096DD,隹 ,10,18
雞,096DE,隹 ,10,18
離,096E2,隹 ,11,19
難,096E3,隹 ,11,19
雥,096E5,隹 ,16,24
雨,096E8,雨 ,0,8
雩,096E9,雨 ,3,11
雪,096EA,雨 ,3,11
雫,096EB,雨,3,11
雯,096EF,雨 ,4,12
雰,096F0,雨 ,4,12
雱,096F1,雨 ,4,12
雲,096F2,雨 ,4,12
零,096F6,雨 ,5,13
雷,096F7,雨 ,5,13
雹,096F9,雨 ,5,13
雺,096FA,雨 ,5,13
電,096FB,雨 ,5,13
需,09700,雨 ,6,14
霂,09702,雨 ,7,15
霄,09704,雨 ,7,15
霅,09705,雨 ,7,15
霆,09706,雨 ,7,15
震,09707,雨 ,7,15
霈,09708,雨 ,7,15
霉,09709,雨 ,7,15
霍,0970D,雨 ,8,16
霎,0970E,雨 ,8,16
霏,0970F,雨 ,8,16
霑,09711,雨 ,8,16
霓,09713,雨 ,8,16
霖,09716,雨 ,8,16
霙,09719,雨 ,9,17
霛,0971B,雨 ,9,17
霜,0971C,雨 ,9,17
霝,0971D,雨 ,9,17
霞,0971E,雨 ,9,17
霡,09721,雨 ,9,17
霢,09722,雨 ,10,18
霣,09723,雨 ,10,18
霤,09724,雨 ,10,18
霧,09727,雨 ,11,19
霪,0972A,雨 ,11,19
霰,09730,雨 ,12,20
露,09732,雨 ,13,21
霶,09736,雨 ,13,21
霸,09738,雨 ,13,21
霹,09739,雨 ,13,21
霽,0973D,雨 ,14,22
霾,0973E,雨 ,14,22
霿,0973F,雨 ,14,22
靁,09741,雨 ,15,23
靂,09742,雨 ,16,24
靄,09744,雨 ,16,24
靆,09746,雨 ,16,24
靈,09748,雨 ,16,24
靉,09749,雨 ,17,25
靑,09751,青 ,0,8
青,09752,青 ,0,8
靖,09756,青 ,5,13
静,09759,青 ,6,14
靚,0975A,青 ,7,15
靛,0975B,青 ,8,16
靜,0975C,青 ,8,16
靝,0975D,青 ,10,18
非,0975E,非 ,0,8
靠,09760,非 ,7,15
靡,09761,非 ,11,19
面,09762,面 ,0,9
靣,09763,面 ,0,8
靤,09764,面 ,5,14
靦,09766,面 ,7,16
靧,09767,面 ,12,21
靨,09768,面 ,14,23
革,09769,革 ,0,9
靭,0976D,革 ,3,12
靮,0976E,革 ,3,12
靳,09773,革 ,4,13
靴,09774,革 ,4,13
靶,09776,革 ,4,13
靷,09777,革 ,4,13
靸,09778,革 ,4,13
靺,0977A,革 ,5,14
靼,0977C,革 ,5,14
靾,0977E,革 ,5,14
靿,0977F,革 ,5,14
鞀,09780,革 ,5,14
鞃,09783,革 ,5,14
鞄,09784,革 ,5,14
鞅,09785,革 ,5,14
鞆,09786,革,5,14
鞈,09788,革 ,6,15
鞉,09789,革 ,6,15
鞋,0978B,革 ,6,15
鞍,0978D,革 ,6,15
鞏,0978F,革 ,6,15
鞐,09790,革,6,15
鞓,09793,革 ,7,16
鞔,09794,革 ,7,16
鞗,09797,革 ,7,16
鞘,09798,革 ,7,16
鞙,09799,革 ,7,16
鞚,0979A,革 ,8,17
鞜,0979C,革 ,8,17
鞞,0979E,革 ,8,17
鞟,0979F,革 ,8,17
鞠,097A0,革 ,8,17
鞣,097A3,革 ,9,18
鞥,097A5,革 ,9,18
鞦,097A6,革 ,9,18
鞧,097A7,革 ,9,18
鞨,097A8,革 ,9,18
鞪,097AA,革 ,9,18
鞫,097AB,革 ,9,18
鞬,097AC,革 ,9,18
鞭,097AD,革 ,9,18
鞮,097AE,革 ,9,18
鞲,097B2,革 ,10,19
鞴,097B4,革 ,10,19
鞵,097B5,革 ,10,19
鞶,097B6,革 ,10,19
鞸,097B8,革 ,11,20
鞹,097B9,革 ,11,20
鞻,097BB,革 ,11,20
鞼,097BC,革 ,12,21
鞾,097BE,革 ,12,21
鞿,097BF,革 ,12,21
韀,097C0,革 ,13,22
韁,097C1,革 ,13,22
韂,097C2,革 ,13,22
韃,097C3,革 ,13,22
韄,097C4,革 ,14,23
韅,097C5,革 ,14,23
韆,097C6,革 ,15,24
韈,097C8,革 ,15,24
韉,097C9,革 ,17,26
韋,097CB,韋 ,0,9
韌,097CC,韋 ,3,12
韍,097CD,韋 ,5,14
韎,097CE,韋 ,5,14
韐,097D0,韋 ,6,15
韓,097D3,韋 ,8,17
韔,097D4,韋 ,8,17
韗,097D7,韋 ,9,18
韘,097D8,韋 ,9,18
韙,097D9,韋 ,9,18
韜,097DC,韋 ,10,19
韝,097DD,韋 ,10,19
韞,097DE,韋 ,10,19
韟,097DF,韋 ,10,19
韠,097E0,韋 ,11,20
韡,097E1,韋 ,12,21
韣,097E3,韋 ,13,22
韤,097E4,韋 ,15,24
韭,097ED,韭 ,0,9
韮,097EE,艸 ,9,13
韰,097F0,韭 ,7,16
韲,097F2,韭 ,10,19
音,097F3,音 ,0,9
韵,097F5,音 ,4,13
韶,097F6,音 ,5,14
韻,097FB,音 ,10,19
韽,097FD,音 ,11,20
響,097FF,音 ,12,21
頁,09801,頁 ,0,9
頂,09802,頁 ,2,11
頃,09803,頁 ,2,11
頄,09804,頁 ,2,11
項,09805,頁 ,3,12
順,09806,頁 ,3,12
頇,09807,頁 ,3,12
須,09808,頁 ,3,12
頊,0980A,頁 ,4,13
頌,0980C,頁 ,4,13
頍,0980D,頁 ,4,13
頎,0980E,頁 ,4,13
頏,0980F,頁 ,4,13
預,09810,頁 ,4,13
頑,09811,頁 ,4,13
頒,09812,頁 ,4,13
頓,09813,頁 ,4,13
頖,09816,頁 ,5,14
頗,09817,頁 ,5,14
領,09818,頁 ,5,14
頜,0981C,頁 ,6,15
頝,0981D,頁 ,6,15
頞,0981E,頁 ,6,15
頟,0981F,頁 ,6,15
頠,09820,頁 ,6,15
頡,09821,頁 ,6,15
頤,09824,頁 ,7,16
頦,09826,頁 ,6,15
頩,09829,頁 ,6,15
頫,0982B,頁 ,6,15
頭,0982D,頁 ,7,16
頮,0982E,頁 ,7,16
頯,0982F,頁 ,7,16
頰,09830,頁 ,7,16
頲,09832,頁 ,7,16
頳,09833,頁 ,7,16
頴,09834,頁 ,7,16
頵,09835,頁 ,7,16
頷,09837,頁 ,7,16
頸,09838,頁 ,7,16
頹,09839,頁 ,7,16
頻,0983B,頁 ,7,16
頼,0983C,頁 ,7,16
頿,0983F,頁 ,9,18
顄,09844,頁 ,8,17
顆,09846,頁 ,8,17
顇,09847,頁 ,8,17
顋,0984B,頁 ,9,18
題,0984C,頁 ,9,18
額,0984D,頁 ,9,18
顎,0984E,頁 ,9,18
顏,0984F,頁 ,9,18
顑,09851,頁 ,9,18
顒,09852,頁 ,9,18
顓,09853,頁 ,9,18
顗,09857,頁 ,10,19
願,09858,頁 ,10,19
顙,09859,頁 ,10,19
顛,0985B,頁 ,10,19
顜,0985C,頁 ,10,19
類,0985E,頁 ,10,19
顠,09860,頁 ,11,20
顢,09862,頁 ,11,20
顣,09863,頁 ,11,20
顥,09865,頁 ,12,21
顦,09866,頁 ,12,21
顧,09867,頁 ,12,21
顫,0986B,頁 ,13,22
顬,0986C,頁 ,14,23
顯,0986F,頁 ,14,23
顰,09870,頁 ,15,24
顱,09871,頁 ,16,25
顳,09873,頁 ,18,27
顴,09874,頁 ,18,27
風,098A8,風 ,0,9
颩,098A9,風 ,3,12
颭,098AD,風 ,5,14
颮,098AE,風 ,5,14
颯,098AF,風 ,5,14
颱,098B1,風 ,5,14
颲,098B2,風 ,6,15
颳,098B3,風 ,6,15
颶,098B6,風 ,8,17
颸,098B8,風 ,9,18
颺,098BA,風 ,9,18
颻,098BB,風 ,10,19
颼,098BC,風 ,10,19
颿,098BF,風 ,10,19
飀,098C0,風 ,10,19
飁,098C1,風 ,11,20
飂,098C2,風 ,11,20
飄,098C4,風 ,11,20
飆,098C6,風 ,12,21
飇,098C7,風 ,12,21
飈,098C8,風 ,12,21
飉,098C9,風 ,12,21
飋,098CB,風 ,13,22
风,098CE,几 ,0,4
飛,098DB,飛 ,0,9
飜,098DC,飛 ,12,21
食,098DF,食 ,0,9
飡,098E1,食 ,2,11
飢,098E2,食 ,2,10
飢,098E2,食 ,2,10
飣,098E3,食 ,2,10
飤,098E4,食 ,2,10
飥,098E5,食 ,3,11
飧,098E7,食 ,3,12
飩,098E9,食 ,4,12
飪,098EA,食 ,4,12
飫,098EB,食 ,4,12
飭,098ED,食 ,4,12
飯,098EF,食 ,4,12
飰,098F0,食 ,4,12
飱,098F1,食 ,4,13
飲,098F2,食 ,4,12
飴,098F4,食 ,5,13
飶,098F6,食 ,5,13
飼,098FC,食 ,5,13
飽,098FD,食 ,5,13
飾,098FE,食 ,5,13
飿,098FF,食 ,5,13
餁,09901,食 ,6,14
餂,09902,食 ,6,14
餃,09903,食 ,6,14
餅,09905,食 ,6,14
餈,09908,食 ,6,15
餉,09909,食 ,6,14
養,0990A,食 ,6,15
餌,0990C,食 ,6,14
餐,09910,食 ,7,16
餑,09911,食 ,7,15
餒,09912,食 ,7,15
餓,09913,食 ,7,15
餔,09914,食 ,7,15
餕,09915,食 ,7,15
餖,09916,食 ,7,15
餗,09917,食 ,7,15
餘,09918,食 ,7,15
餚,0991A,食 ,8,16
餛,0991B,食 ,8,16
餜,0991C,食 ,8,16
餞,0991E,食 ,8,16
餟,0991F,食 ,8,16
餠,09920,食 ,8,16
餡,09921,食 ,8,16
餤,09924,食 ,8,16
餦,09926,食 ,8,16
餧,09927,食 ,8,16
館,09928,食 ,8,16
餩,09929,食 ,8,16
餪,0992A,食 ,9,17
餫,0992B,食 ,9,17
餬,0992C,食 ,9,17
餭,0992D,食 ,9,17
餮,0992E,食 ,9,18
餱,09931,食 ,9,17
餲,09932,食 ,9,17
餳,09933,食 ,9,17
餴,09934,食 ,8,16
餵,09935,食 ,9,17
餶,09936,食 ,10,18
餹,09939,食 ,10,18
餺,0993A,食 ,10,18
餻,0993B,食 ,10,18
餼,0993C,食 ,10,18
餽,0993D,食 ,10,18
餾,0993E,食 ,10,18
餿,0993F,食 ,10,18
饁,09941,食 ,10,18
饃,09943,食 ,11,19
饅,09945,食 ,11,19
饆,09946,食 ,11,19
饈,09948,食 ,11,19
饉,09949,食 ,11,19
饊,0994A,食 ,12,20
饋,0994B,食 ,12,20
饌,0994C,食 ,12,20
饍,0994D,食 ,12,20
饎,0994E,食 ,12,20
饐,09950,食 ,12,20
饑,09951,食 ,12,20
饒,09952,食 ,12,20
饔,09954,食 ,13,22
饕,09955,食 ,13,22
饗,09957,食 ,12,21
饘,09958,食 ,13,21
饙,09959,食 ,12,20
饛,0995B,食 ,14,22
饜,0995C,食 ,14,23
饝,0995D,食 ,16,24
饞,0995E,食 ,17,25
饟,0995F,食 ,17,25
饠,09960,食 ,19,27
饡,09961,食 ,19,27
首,09996,首 ,0,9
馗,09997,首 ,2,11
馘,09998,首 ,8,17
香,09999,香 ,0,9
馝,0999D,香 ,5,14
馞,0999E,香 ,7,16
馡,099A1,香 ,8,17
馥,099A5,香 ,9,18
馨,099A8,香 ,11,20
馬,099AC,馬 ,0,10
馭,099AD,馬 ,2,12
馮,099AE,馬 ,2,12
馯,099AF,馬 ,3,13
馱,099B1,馬 ,3,13
馲,099B2,馬 ,3,13
馳,099B3,馬 ,3,13
馴,099B4,馬 ,3,13
馵,099B5,馬 ,3,13
馹,099B9,馬 ,4,14
駁,099C1,馬 ,4,14
駃,099C3,馬 ,4,14
駆,099C6,馬 ,4,14
駉,099C9,馬 ,5,15
駊,099CA,馬 ,5,15
駍,099CD,馬 ,5,15
駏,099CF,馬 ,5,15
駐,099D0,馬 ,5,15
駑,099D1,馬 ,5,15
駒,099D2,馬 ,5,15
駓,099D3,馬 ,5,15
駔,099D4,馬 ,5,15
駕,099D5,馬 ,5,15
駘,099D8,馬 ,5,15
駙,099D9,馬 ,5,15
駛,099DB,馬 ,5,15
駜,099DC,馬 ,5,15
駝,099DD,馬 ,5,15
駞,099DE,馬 ,5,15
駟,099DF,馬 ,5,15
駡,099E1,馬 ,6,16
駢,099E2,馬 ,6,16
駪,099EA,馬 ,6,16
駬,099EC,馬 ,6,16
駭,099ED,馬 ,6,16
駮,099EE,馬 ,6,16
駰,099F0,馬 ,6,16
駱,099F1,馬 ,6,16
駴,099F4,馬 ,7,17
駵,099F5,馬 ,7,17
駷,099F7,馬 ,7,17
駸,099F8,馬 ,7,17
駹,099F9,馬 ,7,17
駺,099FA,馬 ,7,17
駻,099FB,馬 ,7,17
駼,099FC,馬 ,7,17
駾,099FE,馬 ,7,17
駿,099FF,馬 ,7,17
騀,09A00,馬 ,7,17
騁,09A01,馬 ,7,17
騂,09A02,馬 ,7,17
騃,09A03,馬 ,7,17
騄,09A04,馬 ,8,18
騅,09A05,馬 ,8,18
騈,09A08,馬 ,8,18
騉,09A09,馬 ,8,18
騊,09A0A,馬 ,8,18
騋,09A0B,馬 ,8,18
騌,09A0C,馬 ,8,18
騍,09A0D,馬 ,8,18
騎,09A0E,馬 ,8,18
騏,09A0F,馬 ,8,18
騐,09A10,馬 ,8,18
騑,09A11,馬 ,8,18
騕,09A15,馬 ,9,19
騖,09A16,馬 ,9,19
騙,09A19,馬 ,9,19
騜,09A1C,馬 ,9,19
騞,09A1E,馬 ,9,19
騠,09A20,馬 ,9,19
騣,09A23,馬 ,9,19
騤,09A24,馬 ,9,19
騧,09A27,馬 ,9,19
騫,09A2B,馬 ,10,20
騬,09A2C,馬 ,10,20
騭,09A2D,馬 ,10,20
騮,09A2E,馬 ,10,20
騰,09A30,馬 ,10,20
騲,09A32,馬 ,10,20
騵,09A35,馬 ,10,20
騶,09A36,馬 ,10,20
騷,09A37,馬 ,10,20
騸,09A38,馬 ,10,20
騺,09A3A,馬 ,11,21
騾,09A3E,馬 ,11,21
驀,09A40,馬 ,11,21
驁,09A41,馬 ,11,21
驂,09A42,馬 ,11,21
驃,09A43,馬 ,11,21
驄,09A44,馬 ,11,21
驅,09A45,馬 ,11,21
驈,09A48,馬 ,12,22
驊,09A4A,馬 ,12,22
驌,09A4C,馬 ,12,22
驍,09A4D,馬 ,12,22
驏,09A4F,馬 ,12,22
驑,09A51,馬 ,12,20
驒,09A52,馬 ,12,22
驔,09A54,馬 ,12,22
驕,09A55,馬 ,12,22
驖,09A56,馬 ,13,23
驗,09A57,馬 ,13,23
驘,09A58,馬 ,13,23
驚,09A5A,馬 ,13,23
驛,09A5B,馬 ,13,23
驟,09A5F,馬 ,14,24
驢,09A62,馬 ,16,26
驤,09A64,馬 ,17,27
驥,09A65,馬 ,16,26
驦,09A66,馬 ,17,27
驩,09A69,馬 ,18,28
驪,09A6A,馬 ,19,29
骨,09AA8,骨 ,0,10
骫,09AAB,骨 ,3,13
骭,09AAD,骨 ,3,13
骯,09AAF,骨 ,4,14
骰,09AB0,骨 ,4,14
骲,09AB2,骨 ,5,15
骳,09AB3,骨 ,5,15
骴,09AB4,骨 ,6,16
骵,09AB5,骨 ,5,15
骷,09AB7,骨 ,5,15
骸,09AB8,骨 ,6,16
骹,09AB9,骨 ,6,16
骻,09ABB,骨 ,6,16
骼,09ABC,骨 ,6,16
骽,09ABD,骨 ,7,17
骾,09ABE,骨 ,7,17
骿,09ABF,骨 ,6,16
髀,09AC0,骨 ,8,18
髁,09AC1,骨 ,8,18
髂,09AC2,骨 ,9,19
髄,09AC4,骨 ,10,20
髆,09AC6,骨 ,10,20
髊,09ACA,骨 ,10,20
髏,09ACF,骨 ,11,21
髐,09AD0,骨 ,12,22
髑,09AD1,骨 ,13,23
髒,09AD2,骨 ,13,23
髓,09AD3,骨 ,13,23
體,09AD4,骨 ,13,23
髕,09AD5,骨 ,14,24
髖,09AD6,骨 ,15,25
高,09AD8,高 ,0,10
髙,09AD9,高 ,1,11
髟,09ADF,髟 ,0,10
髠,09AE0,髟 ,2,12
髡,09AE1,髟 ,3,13
髢,09AE2,髟 ,3,13
髣,09AE3,髟 ,4,14
髥,09AE5,髟 ,4,14
髦,09AE6,髟 ,4,14
髧,09AE7,髟 ,4,14
髩,09AE9,髟 ,4,14
髫,09AEB,髟 ,5,15
髭,09AED,髟 ,6,16
髮,09AEE,髟 ,5,15
髯,09AEF,髟 ,5,15
髲,09AF2,髟 ,5,15
髳,09AF3,髟 ,5,15
髴,09AF4,髟 ,5,15
髶,09AF6,髟 ,6,16
髹,09AF9,髟 ,6,16
髻,09AFB,髟 ,6,16
髼,09AFC,髟 ,7,17
髽,09AFD,髟 ,7,17
髾,09AFE,髟 ,7,17
髿,09AFF,髟 ,7,17
鬀,09B00,髟 ,7,17
鬂,09B02,髟 ,7,17
鬃,09B03,髟 ,8,18
鬄,09B04,髟 ,8,18
鬅,09B05,髟 ,8,18
鬆,09B06,髟 ,8,18
鬇,09B07,髟 ,8,18
鬈,09B08,髟 ,8,18
鬉,09B09,髟 ,9,19
鬋,09B0B,髟 ,9,19
鬌,09B0C,髟 ,9,19
鬍,09B0D,髟 ,9,19
鬐,09B10,髟 ,10,20
鬑,09B11,髟 ,10,20
鬒,09B12,髟 ,10,20
鬖,09B16,髟 ,11,21
鬘,09B18,髟 ,11,21
鬙,09B19,髟 ,12,22
鬚,09B1A,髟 ,12,22
鬟,09B1F,髟 ,13,23
鬡,09B21,髟 ,14,24
鬢,09B22,髟 ,14,24
鬣,09B23,髟 ,15,25
鬥,09B25,鬥 ,0,10
鬦,09B26,鬥 ,4,14
鬧,09B27,鬥 ,5,15
鬨,09B28,鬥 ,6,16
鬩,09B29,鬥 ,8,18
鬪,09B2A,鬥 ,10,20
鬫,09B2B,鬥 ,12,22
鬭,09B2D,鬥 ,15,25
鬮,09B2E,鬥 ,16,26
鬯,09B2F,鬯 ,0,10
鬱,09B31,鬯 ,19,29
鬲,09B32,鬲 ,0,10
鬴,09B34,鬲 ,7,17
鬵,09B35,鬲 ,8,18
鬷,09B37,鬲 ,9,19
鬺,09B3A,鬲 ,11,21
鬻,09B3B,鬲 ,12,22
鬼,09B3C,鬼 ,0,10
鬾,09B3E,鬼 ,4,14
魁,09B41,鬼 ,4,14
魂,09B42,鬼 ,4,14
魃,09B43,鬼 ,5,15
魄,09B44,鬼 ,5,15
魅,09B45,鬼 ,5,15
魆,09B46,鬼 ,5,15
魈,09B48,鬼 ,7,17
魊,09B4A,鬼 ,8,18
魋,09B4B,鬼 ,8,18
魍,09B4D,鬼 ,8,18
魎,09B4E,鬼 ,8,18
魏,09B4F,鬼 ,8,18
魑,09B51,鬼 ,11,21
魔,09B54,鬼 ,11,21
魘,09B58,鬼 ,14,24
魚,09B5A,魚 ,0,11
魞,09B5E,魚,2,13
魟,09B5F,魚 ,3,14
魠,09B60,魚 ,3,14
魦,09B66,魚 ,4,15
魨,09B68,魚 ,4,15
魬,09B6C,魚 ,4,15
魭,09B6D,魚 ,4,15
魯,09B6F,魚 ,4,15
魴,09B74,魚 ,4,15
魶,09B76,魚 ,4,15
魷,09B77,魚 ,4,15
鮀,09B80,魚 ,5,16
鮅,09B85,魚 ,5,16
鮆,09B86,魚 ,6,17
鮋,09B8B,魚 ,5,16
鮎,09B8E,魚 ,5,16
鮐,09B90,魚 ,5,16
鮑,09B91,魚 ,5,16
鮒,09B92,魚 ,5,16
鮓,09B93,魚 ,5,16
鮗,09B97,魚,5,16
鮚,09B9A,魚 ,6,17
鮞,09B9E,魚 ,6,17
鮟,09B9F,魚 ,6,17
鮠,09BA0,魚 ,6,17
鮡,09BA1,魚 ,6,17
鮦,09BA6,魚 ,6,17
鮨,09BA8,魚 ,6,17
鮪,09BAA,魚 ,6,17
鮫,09BAB,魚 ,6,17
鮭,09BAD,魚 ,6,17
鮮,09BAE,魚 ,6,17
鮱,09BB1,魚,6,17
鮴,09BB4,魚,6,17
鮸,09BB8,魚 ,7,18
鮻,09BBB,魚 ,7,18
鮿,09BBF,魚 ,7,18
鯀,09BC0,魚 ,7,18
鯁,09BC1,魚 ,7,18
鯇,09BC7,魚 ,7,18
鯈,09BC8,魚 ,7,18
鯉,09BC9,魚 ,7,18
鯊,09BCA,魚 ,7,18
鯎,09BCE,魚,6,17
鯐,09BD0,魚,7,18
鯑,09BD1,魚,7,18
鯓,09BD3,魚 ,7,18
鯔,09BD4,魚 ,8,19
鯖,09BD6,魚 ,8,19
鯗,09BD7,魚 ,8,19
鯛,09BDB,魚 ,8,19
鯜,09BDC,魚 ,8,19
鯠,09BE0,魚 ,8,19
鯡,09BE1,魚 ,8,19
鯢,09BE2,魚 ,8,19
鯤,09BE4,魚 ,8,19
鯧,09BE7,魚 ,8,19
鯨,09BE8,魚 ,8,19
鯪,09BEA,魚 ,8,19
鯫,09BEB,魚 ,8,19
鯰,09BF0,魚 ,8,19
鯱,09BF1,魚,8,19
鯷,09BF7,魚 ,9,20
鯹,09BF9,魚 ,9,20
鯽,09BFD,魚 ,7,18
鯿,09BFF,魚 ,9,20
鰂,09C02,魚 ,9,20
鰈,09C08,魚 ,9,20
鰉,09C09,魚 ,9,20
鰌,09C0C,魚 ,9,20
鰍,09C0D,魚 ,9,20
鰐,09C10,魚 ,9,20
鰒,09C12,魚 ,9,20
鰓,09C13,魚 ,9,20
鰕,09C15,魚 ,9,20
鰜,09C1C,魚 ,10,21
鰣,09C23,魚 ,10,21
鰥,09C25,魚 ,10,21
鰩,09C29,魚 ,10,21
鰫,09C2B,魚 ,10,21
鰭,09C2D,魚 ,10,21
鰮,09C2E,魚 ,10,21
鰯,09C2F,魚,10,21
鰰,09C30,魚,10,21
鰱,09C31,魚 ,11,22
鰲,09C32,魚 ,11,22
鰴,09C34,魚 ,11,22
鰵,09C35,魚 ,11,22
鰷,09C37,魚 ,11,22
鰹,09C39,魚 ,11,22
鰻,09C3B,魚 ,11,22
鰼,09C3C,魚 ,11,22
鰾,09C3E,魚 ,11,22
鰿,09C3F,魚 ,11,22
鱄,09C44,魚 ,11,22
鱆,09C46,魚 ,11,22
鱇,09C47,魚 ,11,22
鱈,09C48,魚 ,11,22
鱉,09C49,魚 ,11,22
鱍,09C4D,魚 ,12,23
鱑,09C51,魚 ,12,23
鱒,09C52,魚 ,12,23
鱓,09C53,魚 ,12,23
鱔,09C54,魚 ,12,23
鱖,09C56,魚 ,12,23
鱗,09C57,魚 ,12,23
鱘,09C58,魚 ,12,23
鱚,09C5A,魚,12,23
鱞,09C5E,魚 ,13,24
鱟,09C5F,魚 ,13,24
鱠,09C60,魚 ,13,24
鱣,09C63,魚 ,13,24
鱧,09C67,魚 ,13,24
鱨,09C68,魚 ,14,25
鱩,09C69,魚,13,24
鱭,09C6D,魚 ,14,25
鱮,09C6E,魚 ,14,25
鱷,09C77,魚 ,16,27
鱸,09C78,魚 ,16,27
鱺,09C7A,魚 ,19,30
鱻,09C7B,魚 ,22,33
鳥,09CE5,鳥 ,0,11
鳦,09CE6,鳥 ,1,12
鳧,09CE7,鳥 ,2,13
鳩,09CE9,鳥 ,2,13
鳪,09CEA,鳥 ,2,13
鳬,09CEC,鳥 ,2,9
鳮,09CEE,鳥 ,2,13
鳰,09CF0,鳥,2,13
鳲,09CF2,鳥 ,3,14
鳳,09CF3,鳥 ,3,14
鳴,09CF4,鳥 ,3,14
鳶,09CF6,鳥 ,3,14
鳷,09CF7,鳥 ,4,15
鳽,09CFD,鳥 ,4,15
鴂,09D02,鳥 ,4,15
鴃,09D03,鳥 ,4,15
鴆,09D06,鳥 ,4,15
鴇,09D07,鳥 ,4,15
鴈,09D08,鳥 ,4,15
鴉,09D09,鳥 ,4,15
鴐,09D10,鳥 ,5,16
鴒,09D12,鳥 ,5,16
鴕,09D15,鳥 ,5,16
鴗,09D17,鳥 ,5,16
鴘,09D18,鳥 ,5,16
鴛,09D1B,鳥 ,5,16
鴝,09D1D,鳥 ,5,16
鴞,09D1E,鳥 ,5,16
鴟,09D1F,鳥 ,5,16
鴣,09D23,鳥 ,5,16
鴥,09D25,鳥 ,5,16
鴦,09D26,鳥 ,5,16
鴨,09D28,鳥 ,5,16
鴫,09D2B,鳥,5,16
鴰,09D30,鳥 ,6,17
鴳,09D33,鳥 ,6,17
鴷,09D37,鳥 ,6,17
鴻,09D3B,鳥 ,6,17
鴽,09D3D,鳥 ,6,17
鴾,09D3E,鳥 ,6,17
鴿,09D3F,鳥 ,6,17
鵀,09D40,鳥 ,6,17
鵁,09D41,鳥 ,6,17
鵂,09D42,鳥 ,6,17
鵃,09D43,鳥 ,6,17
鵆,09D46,鳥,6,17
鵉,09D49,鳥 ,6,17
鵊,09D4A,鳥 ,7,18
鵋,09D4B,鳥 ,7,18
鵌,09D4C,鳥 ,7,18
鵑,09D51,鳥 ,7,18
鵒,09D52,鳥 ,7,18
鵓,09D53,鳥 ,7,18
鵔,09D54,鳥 ,7,18
鵕,09D55,鳥 ,7,18
鵚,09D5A,鳥 ,7,18
鵜,09D5C,鳥 ,7,18
鵝,09D5D,鳥 ,7,18
鵞,09D5E,鳥 ,7,18
鵟,09D5F,鳥 ,7,18
鵠,09D60,鳥 ,7,18
鵡,09D61,鳥 ,8,19
鵧,09D67,鳥 ,6,17
鵩,09D69,鳥 ,8,19
鵪,09D6A,鳥 ,8,19
鵬,09D6C,鳥 ,8,19
鵮,09D6E,鳥 ,8,19
鵯,09D6F,鳥 ,8,19
鵰,09D70,鳥 ,8,19
鵲,09D72,鳥 ,8,19
鵶,09D76,鳥 ,8,19
鵷,09D77,鳥 ,8,19
鵻,09D7B,鳥 ,8,19
鶂,09D82,鳥 ,8,19
鶄,09D84,鳥 ,8,19
鶆,09D86,鳥 ,8,19
鶉,09D89,鳥 ,8,19
鶊,09D8A,鳥 ,8,19
鶋,09D8B,鳥 ,8,19
鶍,09D8D,鳥,8,19
鶒,09D92,鳥 ,9,20
鶖,09D96,鳥 ,9,20
鶗,09D97,鳥 ,9,20
鶘,09D98,鳥 ,9,20
鶚,09D9A,鳥 ,9,20
鶝,09D9D,鳥 ,9,20
鶡,09DA1,鳥 ,9,20
鶢,09DA2,鳥 ,9,20
鶤,09DA4,鳥 ,9,20
鶩,09DA9,鳥 ,9,20
鶪,09DAA,鳥 ,9,20
鶫,09DAB,鳥,9,20
鶬,09DAC,鳥 ,10,21
鶯,09DAF,鳥 ,10,21
鶱,09DB1,鳥 ,10,21
鶴,09DB4,鳥 ,10,21
鶵,09DB5,鳥 ,10,21
鶹,09DB9,鳥 ,10,21
鶺,09DBA,鳥 ,10,21
鶻,09DBB,鳥 ,10,21
鶼,09DBC,鳥 ,10,21
鶿,09DBF,鳥 ,9,20
鷀,09DC0,鳥 ,10,21
鷁,09DC1,鳥 ,10,21
鷂,09DC2,鳥 ,10,21
鷃,09DC3,鳥 ,10,21
鷄,09DC4,鳥 ,10,21
鷇,09DC7,鳥 ,10,21
鷊,09DCA,鳥 ,10,21
鷓,09DD3,鳥 ,11,22
鷕,09DD5,鳥 ,11,22
鷖,09DD6,鳥 ,11,22
鷗,09DD7,鳥 ,11,22
鷘,09DD8,鳥 ,11,22
鷙,09DD9,鳥 ,11,22
鷚,09DDA,鳥 ,11,22
鷞,09DDE,鳥 ,11,22
鷟,09DDF,鳥 ,11,22
鷥,09DE5,鳥 ,12,23
鷦,09DE6,鳥 ,12,23
鷧,09DE7,鳥 ,12,23
鷩,09DE9,鳥 ,11,22
鷫,09DEB,鳥 ,12,23
鷯,09DEF,鳥 ,12,23
鷲,09DF2,鳥 ,12,23
鷳,09DF3,鳥 ,12,23
鷴,09DF4,鳥 ,12,23
鷹,09DF9,鳥 ,13,24
鷺,09DFA,鳥 ,13,24
鷽,09DFD,鳥 ,13,24
鷾,09DFE,鳥 ,13,24
鸂,09E02,鳥 ,13,24
鸃,09E03,鳥 ,13,24
鸇,09E07,鳥 ,13,24
鸊,09E0A,鳥 ,13,24
鸎,09E0E,鳥 ,14,25
鸏,09E0F,鳥 ,14,25
鸐,09E10,鳥 ,14,25
鸑,09E11,鳥 ,14,25
鸒,09E12,鳥 ,14,25
鸔,09E14,鳥 ,15,26
鸕,09E15,鳥 ,16,27
鸚,09E1A,鳥 ,17,28
鸛,09E1B,鳥 ,18,29
鸜,09E1C,鳥 ,18,29
鸝,09E1D,鳥 ,19,30
鸞,09E1E,鳥 ,19,30
鹵,09E75,鹵 ,0,11
鹹,09E79,鹵 ,9,20
鹺,09E7A,鹵 ,10,21
鹼,09E7C,鹵 ,13,24
鹽,09E7D,鹵 ,13,24
鹿,09E7F,鹿 ,0,11
麀,09E80,鹿 ,2,13
麁,09E81,鹿 ,2,13
麂,09E82,鹿 ,2,13
麃,09E83,鹿 ,4,15
麄,09E84,鹿 ,4,15
麅,09E85,鹿 ,5,16
麇,09E87,鹿 ,5,16
麈,09E88,鹿 ,5,16
麋,09E8B,鹿 ,6,17
麌,09E8C,鹿 ,7,18
麏,09E8F,鹿 ,7,18
麐,09E90,鹿 ,7,18
麑,09E91,鹿 ,8,19
麒,09E92,鹿 ,8,19
麓,09E93,鹿 ,8,19
麕,09E95,鹿 ,8,19
麗,09E97,鹿 ,8,19
麛,09E9B,鹿 ,9,20
麝,09E9D,鹿 ,10,21
麞,09E9E,鹿 ,11,22
麟,09E9F,鹿 ,12,23
麤,09EA4,鹿 ,22,33
麥,09EA5,麥 ,0,11
麦,09EA6,夊 ,4,7
麨,09EA8,麥 ,4,15
麩,09EA9,麥 ,4,15
麪,09EAA,麥 ,4,15
麮,09EAE,麥 ,5,16
麯,09EAF,麥 ,6,17
麰,09EB0,麥 ,6,17
麴,09EB4,麥 ,8,19
麵,09EB5,麥 ,9,20
麻,09EBB,麻 ,0,11
麼,09EBC,麻 ,3,14
麽,09EBD,麻 ,3,14
麾,09EBE,麻 ,4,15
麿,09EBF,麻,7,18
黁,09EC1,麻 ,9,20
黂,09EC2,麻 ,12,23
黃,09EC3,黃 ,0,12
黄,09EC4,黃 ,0,11
黈,09EC8,黃 ,5,17
黌,09ECC,黃 ,13,25
黍,09ECD,黍 ,0,12
黎,09ECE,黍 ,3,15
黏,09ECF,黍 ,5,17
黐,09ED0,黍 ,11,23
黑,09ED1,黑 ,0,12
黓,09ED3,黑 ,3,15
黔,09ED4,黑 ,4,16
黕,09ED5,黑 ,4,16
默,09ED8,黑 ,4,16
黚,09EDA,黑 ,5,17
黛,09EDB,黑 ,5,17
黜,09EDC,黑 ,5,17
黝,09EDD,黑 ,5,17
點,09EDE,黑 ,5,17
黟,09EDF,黑 ,6,18
黠,09EE0,黑 ,6,18
黤,09EE4,黑 ,8,20
黥,09EE5,黑 ,8,20
黦,09EE6,黑 ,8,20
黧,09EE7,黑 ,8,20
黨,09EE8,黑 ,8,20
黭,09EED,黑 ,9,21
黮,09EEE,黑 ,9,21
黯,09EEF,黑 ,9,21
黰,09EF0,黑 ,10,22
黲,09EF2,黑 ,11,23
黳,09EF3,黑 ,11,23
黴,09EF4,黑 ,11,23
黶,09EF6,黑 ,14,26
黷,09EF7,黑 ,15,27
黹,09EF9,黹 ,0,12
黻,09EFB,黹 ,5,17
黼,09EFC,黹 ,7,19
黽,09EFD,黽 ,0,13
黾,09EFE,黽 ,0,8
黿,09EFF,黽 ,4,17
鼂,09F02,黽 ,5,18
鼃,09F03,黽 ,6,19
鼄,09F04,黽 ,6,19
鼅,09F05,黽 ,8,21
鼆,09F06,黽 ,10,23
鼇,09F07,黽 ,11,24
鼈,09F08,黽 ,11,24
鼉,09F09,黽 ,12,25
鼎,09F0E,鼎 ,0,13
鼏,09F0F,鼎 ,2,15
鼐,09F10,鼎 ,2,15
鼒,09F12,鼎 ,3,16
鼓,09F13,鼓 ,0,13
鼕,09F15,鼓 ,5,18
鼖,09F16,鼓 ,5,18
鼗,09F17,鼓 ,6,19
鼙,09F19,鼓 ,8,21
鼚,09F1A,鼓 ,8,21
鼛,09F1B,鼓 ,8,21
鼠,09F20,鼠 ,0,13
鼢,09F22,鼠 ,4,17
鼥,09F25,鼠 ,5,18
鼦,09F26,鼠 ,5,18
鼩,09F29,鼠 ,5,18
鼫,09F2B,鼠 ,5,18
鼬,09F2C,鼠 ,5,18
鼮,09F2E,鼠 ,7,20
鼯,09F2F,鼠 ,7,20
鼱,09F31,鼠 ,8,21
鼲,09F32,鼠 ,9,22
鼴,09F34,鼠 ,9,22
鼵,09F35,鼠 ,9,22
鼷,09F37,鼠 ,10,23
鼹,09F39,鼠 ,10,23
鼻,09F3B,鼻 ,0,14
鼽,09F3D,鼻 ,2,16
鼾,09F3E,鼻 ,3,17
齁,09F41,鼻 ,5,19
齅,09F45,鼻 ,10,24
齆,09F46,鼻 ,10,24
齇,09F47,鼻 ,11,25
齉,09F49,鼻 ,22,36
齊,09F4A,齊 ,0,14
齋,09F4B,齊 ,3,17
齌,09F4C,齊 ,4,18
齍,09F4D,齊 ,5,19
齎,09F4E,齊 ,7,21
齏,09F4F,齊 ,9,23
齒,09F52,齒 ,0,15
齔,09F54,齒 ,2,17
齕,09F55,齒 ,3,18
齖,09F56,齒 ,4,19
齗,09F57,齒 ,4,19
齘,09F58,齒 ,4,19
齙,09F59,齒 ,5,20
齚,09F5A,齒 ,5,20
齜,09F5C,齒 ,6,21
齞,09F5E,齒 ,5,20
齟,09F5F,齒 ,5,20
齠,09F60,齒 ,5,20
齡,09F61,齒 ,5,20
齣,09F63,齒 ,5,20
齦,09F66,齒 ,6,21
齧,09F67,齒 ,6,21
齩,09F69,齒 ,6,21
齪,09F6A,齒 ,7,22
齬,09F6C,齒 ,7,22
齭,09F6D,齒 ,8,23
齮,09F6E,齒 ,8,23
齯,09F6F,齒 ,8,23
齰,09F70,齒 ,8,23
齱,09F71,齒 ,8,23
齲,09F72,齒 ,9,24
齵,09F75,齒 ,9,24
齶,09F76,齒 ,9,24
齷,09F77,齒 ,9,24
齹,09F79,齒 ,10,25
齺,09F7A,齒 ,10,25
齾,09F7E,齒 ,20,35
龍,09F8D,龍 ,0,16
龎,09F8E,厂 ,16,18
龐,09F90,广 ,16,19
龑,09F91,龍 ,4,20
龔,09F94,龍 ,6,22
龕,09F95,龍 ,6,22
龜,09F9C,龜 ,0,16
龟,09F9F,乙 ,6,7
龠,09FA0,龠 ,0,17
龡,09FA1,龠 ,4,21
龢,09FA2,龠 ,5,22
龤,09FA4,龠 ,9,26
龥,09FA5,龠 ,9,26
塀,0FA39,土,11,14
慨,0FA3E,心 ,11,14
𠀍,2000D,一 ,4,5
𠂢,200A2,丿 ,5,6
𠛬,206EC,刀 ,6,8
𠞰,207B0,刀 ,11,13
𠦬,209AC,十 ,9,11
𠨜,20A1C,卩 ,7,9
𠩄,20A44,厂 ,5,7
𠷎,20DCE,口 ,9,12
𠷎,20DCE,口 ,9,12
𠿺,20FFA,口 ,13,16
𡈼,2123C,土 ,1,4
𡈼,2123C,土 ,1,4
𡍮,2136E,土 ,9,12
𡔽,2153D,士 ,12,15
𡨴,21A34,宀 ,8,11
𡯓,21BD3,尢 ,4,7
𡯗,21BD7,尢 ,4,8
𡰛,21C1B,尢 ,14,18
𡱮,21C6E,田 ,5,10
𢇁,221C1,糸 ,4,10
𢓳,224F3,彳 ,7,10
𢘻,2263B,心 ,6,10
𢬵,22B35,手 ,7,10
𢯌,22BCC,手 ,8,12
𢳍,22CCD,手 ,11,14
𢹲,22E72,手 ,18,21
𢽟,22F5F,攴 ,8,12
𣏂,233C2,木 ,3,7
𣖾,235BE,木 ,10,14
𣗳,235F3,木 ,10,14
𣛟,236DF,木 ,12,16
𣳚,23CDA,水 ,5,8
𣶐,23D90,水 ,8,11
𣺯,23EAF,水 ,10,13
𤜻,2473B,犬 ,4,8
𤰞,24C1E,十 ,5,7
𤸄,24E04,疒 ,9,14
𤸅,24E05,疒 ,9,14
𤺺,24EBA,疒 ,13,18
𥝌,2574C,禾 ,0,5
𥤚,2591A,禾 ,20,25
𥳑,25CD1,竹 ,12,18
𥿉,25FC9,糸 ,5,11
𦂳,260B3,糸 ,9,15
𦆿,261BF,糸 ,15,21
𦊨,262A8,网 ,5,9
𦌊,2630A,网 ,11,16
𦒱,264B1,老 ,2,6
𦞦,267A6,肉 ,10,14
𦤞,2691E,自 ,10,16
𦧡,269E1,舌 ,8,14
𦸅,26E05,艸 ,10,14
𦹡,26E61,艸 ,11,15
𧮫,27BAB,谷 ,0,7
𨇯,281EF,足 ,18,25
𨓤,284E4,辵 ,7,11
𨩐,28A50,金 ,9,17
𨭛,28B5B,金 ,13,21
𨵢,28D62,門 ,8,16
𨽻,28F7B,隶 ,7,15
𩐋,2940B,韭 ,11,20
𩭪,29B6A,髟 ,8,18
𩮜,29B9C,髟 ,10,20
𩯭,29BED,髟 ,14,24
𩱚,29C5A,鬲 ,13,23
𩸽,29E3D,魚,8,19
𪃠,2A0E0,鳥 ,9,20
𪇰,2A1F0,鳥 ,15,26
𪏆,2A3C6,黃 ,8,20
𪔛,2A51B,鼓 ,6,19
𪠘,2A818,厂 ,13,15
𪭲,2AB72,手 ,6,9
𫃵,2B0F5,糸 ,9,15
𬋩,2C2E9,爪 ,7,11
𬰁,2CC01,雨 ,8,16
丸,2F801,丶 ,2,3
𠘺,2F80D,儿 ,4,6
免,2F80E,儿 ,5,7
兔,2F80F,儿 ,6,8
冬,2F81A,冫 ,3,5
凵,2F81D,凵 ,0,2
刃,2F81E,刀 ,1,3
卿,2F833,卩 ,10,12
灰,2F835,火 ,2,6
及,2F836,丿 ,2,3
呈,2F83E,口 ,4,7
周,2F83F,口 ,5,8
唐,2F842,口 ,7,10
善,2F845,羊 ,6,12
善,2F846,羊 ,6,12
切,2F850,土 ,2,5
型,2F855,土 ,8,11
堲,2F856,土 ,9,12
夢,2F85E,夕 ,11,14
姬,2F862,女 ,7,10
姘,2F865,女 ,8,11
寘,2F86E,宀 ,10,13
形,2F899,彡 ,6,9
慈,2F8A6,心 ,10,14
拼,2F8BA,手 ,8,11
揅,2F8C0,手 ,11,15
撝,2F8C5,手 ,12,15
冒,2F8D2,曰 ,5,9
柺,2F8DF,木 ,5,9
栟,2F8E5,木 ,8,12
櫛,2F8ED,木 ,15,19
次,2F8EF,欠 ,2,6
沿,2F8FC,水 ,5,8
汧,2F8FE,水 ,6,9
流,2F902,水 ,7,10
洴,2F907,水 ,8,11
𠔥,2F91B,火 ,8,12
甾,2F936,田 ,4,9
穊,2F95A,禾 ,11,16
絣,2F96C,糸 ,8,14
繅,2F970,糸 ,14,20
者,2F97A,老 ,5,9
育,2F982,肉 ,4,8
荓,2F9A0,艸 ,8,12
蓱,2F9A8,艸 ,11,15
蛢,2F9BA,虫 ,8,14
蠁,2F9C1,虫 ,13,19
趼,2F9DB,足 ,6,13
鉼,2F9EA,金 ,8,16
鏹,2F9EB,金 ,12,20
頋,2F9FE,頁 ,4,13
頩,2FA00,頁 ,8,17
鳽,2FA0C,鳥 ,6,7
鵧,2FA0F,鳥 ,8,19
麻,2FA15,麻 ,0,11
鼻,2FA1C,鼻 ,0,14
茀,08300,艸,5,9